URL,URLLength,Domain,DomainLength,IsDomainIP,TLD,URLSimilarityIndex,CharContinuationRate,TLDLegitimateProb,URLCharProb,TLDLength,NoOfSubDomain,HasObfuscation,NoOfObfuscatedChar,ObfuscationRatio,NoOfLettersInURL,LetterRatioInURL,NoOfDegitsInURL,DegitRatioInURL,NoOfEqualsInURL,NoOfQMarkInURL,NoOfAmpersandInURL,NoOfOtherSpecialCharsInURL,SpacialCharRatioInURL,IsHTTPS,LineOfCode,LargestLineLength,HasTitle,Title,DomainTitleMatchScore,URLTitleMatchScore,HasFavicon,Robots,IsResponsive,NoOfURLRedirect,NoOfSelfRedirect,HasDescription,NoOfPopup,NoOfiFrame,HasExternalFormSubmit,HasSocialNet,HasSubmitButton,HasHiddenFields,HasPasswordField,Bank,Pay,Crypto,HasCopyrightInfo,NoOfImage,NoOfCSS,NoOfJS,NoOfSelfRef,NoOfEmptyRef,NoOfExternalRef,label,is_alive
http://www.fast.fbcode.co,24,www.fast.fbcode.co,18,0,786,65.17006803,0.636363636,0.0059772,0.055657086,2,2,0,0,0.0,11,0.458,0,0.0,0,0,0,2,0.083,0,8,41,1,fastfbode,0.0,0.0,0,0,0,0,0,0,0,0,0,0,0,0,0,0,0,0,0,0,0,0,0,0,0,0,True
https://www.24foundation.org,27,www.24foundation.org,20,0,329,100.0,1.0,0.0799628,0.054582098,3,1,0,0,0.0,12,0.444,2,0.074,0,0,0,1,0.037,1,582,1816,1,24foundation,100.0,100.0,1,1,1,0,0,0,0,4,0,1,0,0,0,0,0,0,1,19,10,21,70,1,82,1,True
https://www.webrtc-experiment.com,32,www.webrtc-experiment.com,25,0,219,100.0,0.647058824,0.5229071,0.060300628,3,1,0,0,0.0,18,0.562,0,0.0,0,0,0,2,0.062,1,159,457,1,webrtc-experiment,100.0,100.0,0,0,1,0,0,0,0,0,0,1,0,0,0,0,0,0,1,5,0,6,10,0,43,1,True
https://www.nottinghamshirewildlife.org,38,www.nottinghamshirewildlife.org,31,0,329,100.0,1.0,0.0799628,0.056109413,3,1,0,0,0.0,25,0.658,0,0.0,0,0,0,1,0.026,1,2366,43159,1,nottinghamshirewildlife,100.0,100.0,1,0,1,0,0,1,0,2,0,1,1,1,0,0,0,1,1,63,5,17,132,0,68,1,True
https://solitary-thunder-4872.9v7c3iwe.workers.dev/,51,solitary-thunder-4872.9v7c3iwe.workers.dev,42,0,487,32.81653747,0.342105263,0.0009613,0.043521605,3,2,0,0,0.0,30,0.588,7,0.137,0,0,0,6,0.118,1,2,59,0,0,0.0,0.0,0,0,0,1,0,0,0,0,0,0,0,0,0,0,0,0,0,0,0,0,0,0,1,0,True
https://www.webiztlv.co.il,25,www.webiztlv.co.il,18,0,674,100.0,0.818181818,0.0013543,0.048977944,2,2,0,0,0.0,11,0.44,0,0.0,0,0,0,2,0.08,1,6366,9770,1,webztlvco,0.0,0.0,0,1,1,1,0,1,2,2,1,1,1,1,0,0,1,0,0,138,26,45,78,6,98,1,True
https://www.museumruse.com,25,www.museumruse.com,18,0,219,100.0,1.0,0.5229071,0.062222188,3,1,0,0,0.0,12,0.48,0,0.0,0,0,0,1,0.04,1,739,9493,1,museumruse,100.0,100.0,0,1,1,0,0,0,0,0,0,1,1,1,1,0,0,0,1,13,5,12,50,3,53,1,True
https://www.arara.org,20,www.arara.org,13,0,329,100.0,1.0,0.0799628,0.076178673,3,1,0,0,0.0,7,0.35,0,0.0,0,0,0,1,0.05,1,313,369,1,arara,100.0,100.0,1,0,0,0,0,0,0,0,0,0,0,0,0,0,0,0,0,3,2,1,1,0,7,1,True
https://www.npcc.org.sg,22,www.npcc.org.sg,15,0,77,100.0,0.625,0.0008953,0.059567311,2,2,0,0,0.0,8,0.364,0,0.0,0,0,0,2,0.091,1,408,673,1,npccorg,0.0,0.0,0,0,0,0,0,0,0,0,0,1,0,0,0,0,0,0,1,19,6,10,0,1,13,1,True
https://www.thecoast.ca,22,www.thecoast.ca,15,0,950,100.0,1.0,0.0101825,0.06762897,2,1,0,0,0.0,9,0.409,0,0.0,0,0,0,1,0.045,1,3177,649,1,theoast,0.0,0.0,1,0,1,1,0,1,0,2,0,1,1,1,0,0,0,0,1,28,5,23,163,2,177,1,True
https://www.hole-in-the-wall.com,31,www.hole-in-the-wall.com,24,0,219,100.0,0.3125,0.5229071,0.060085611,3,1,0,0,0.0,15,0.484,0,0.0,0,0,0,4,0.129,1,397,379,1,hole-in-the-wall,100.0,100.0,0,0,0,0,0,1,0,0,0,1,0,0,0,0,0,0,0,16,1,1,0,0,10,1,True
https://www.telegram.im,22,www.telegram.im,15,0,179,100.0,1.0,0.0001564,0.063765332,2,1,0,0,0.0,9,0.409,0,0.0,0,0,0,1,0.045,1,221,918,1,telegram,100.0,100.0,1,0,1,0,0,1,0,0,0,0,0,1,0,0,0,0,1,4,8,12,7,0,9,1,True
https://www.line49.ca,20,www.line49.ca,13,0,950,100.0,1.0,0.0101825,0.046829675,2,1,0,0,0.0,5,0.25,2,0.1,0,0,0,1,0.05,1,1636,16402,1,line49,100.0,100.0,0,1,1,0,0,1,0,0,0,1,0,1,0,0,1,0,1,63,6,8,51,0,35,1,True
https://www.mamedev.org,22,www.mamedev.org,15,0,329,100.0,1.0,0.0799628,0.065511717,3,1,0,0,0.0,9,0.409,0,0.0,0,0,0,1,0.045,1,537,805,1,mamedev,100.0,100.0,0,0,1,0,0,0,0,0,0,1,1,1,0,0,1,0,1,2,5,2,64,5,16,1,True
https://www.spotimaging.com,26,www.spotimaging.com,19,0,219,100.0,1.0,0.5229071,0.061314986,3,1,0,0,0.0,13,0.5,0,0.0,0,0,0,1,0.038,1,678,1954,1,spotimaging,100.0,100.0,1,1,1,0,0,1,0,2,0,1,0,0,0,0,0,0,1,38,10,20,86,5,100,1,True
https://www.capstarbank.com,26,www.capstarbank.com,19,0,219,100.0,1.0,0.5229071,0.060514047,3,1,0,0,0.0,13,0.5,0,0.0,0,0,0,1,0.038,1,1472,1989,1,capstarbank,100.0,100.0,1,0,1,0,0,0,0,2,0,1,0,1,1,1,0,0,1,10,3,15,47,3,37,1,True
https://www.bwpinebluffar.com,28,www.bwpinebluffar.com,21,0,219,100.0,1.0,0.5229071,0.047661252,3,1,0,0,0.0,15,0.536,0,0.0,0,0,0,1,0.036,1,497,673,1,bwpinebluffar,100.0,100.0,1,1,1,1,0,1,0,1,0,1,1,1,0,0,0,0,1,22,5,12,3,3,18,1,True
https://www.scientology-fso.org,30,www.scientology-fso.org,23,0,329,100.0,0.8,0.0799628,0.063787343,3,1,0,0,0.0,16,0.533,0,0.0,0,0,0,2,0.067,1,9297,2230,1,scientology-fso,100.0,100.0,1,1,1,0,0,1,0,0,0,1,0,0,0,1,1,0,1,79,29,23,316,1,106,1,True
https://www.doradcasmaku.pl,26,www.doradcasmaku.pl,19,0,101,100.0,1.0,0.0069695,0.056331395,2,1,0,0,0.0,13,0.5,0,0.0,0,0,0,1,0.038,1,2184,6949,1,doradcasmaku,100.0,100.0,1,0,1,0,0,1,0,2,0,1,1,0,0,0,0,0,1,63,6,6,116,1,28,1,True
https://www.biodigital.com,25,www.biodigital.com,18,0,219,100.0,1.0,0.5229071,0.060672809,3,1,0,0,0.0,12,0.48,0,0.0,0,0,0,1,0.04,1,702,1804,1,biodigital,100.0,100.0,1,1,1,0,0,1,0,4,0,1,0,0,0,0,0,0,1,6,2,10,45,0,22,1,True
https://www.kosmetikahrou.cz,27,www.kosmetikahrou.cz,20,0,713,100.0,1.0,0.0036307,0.059577474,2,1,0,0,0.0,14,0.519,0,0.0,0,0,0,1,0.037,1,488,746,1,kosmetikahrou,100.0,100.0,1,0,1,0,0,1,0,2,0,1,0,0,0,0,0,0,0,23,5,16,76,0,59,1,True
https://www.vecap.info,21,www.vecap.info,14,0,713,100.0,1.0,0.0075051,0.051921837,4,1,0,0,0.0,8,0.381,0,0.0,0,0,0,1,0.048,1,210,702,1,vecap,100.0,100.0,0,0,0,0,0,1,0,1,0,0,1,1,0,0,0,0,1,5,0,4,28,0,23,1,True
https://jemi.so/agricole-dsp2---caisse-regionale,48,jemi.so,7,0,17,27.60060976,1.0,0.0001583,0.062706505,2,0,0,0,0.0,32,0.667,1,0.021,0,0,0,7,0.146,1,7,4617,0,0,0.0,0.0,0,1,1,0,0,0,0,1,0,0,0,1,0,0,0,0,0,0,1,2,1,0,1,0,True
https://www.highfrequencyelectronics.com,39,www.highfrequencyelectronics.com,32,0,219,100.0,1.0,0.5229071,0.058127124,3,1,0,0,0.0,26,0.667,0,0.0,0,0,0,1,0.026,1,1160,743,1,highfrequencyelectronics,100.0,100.0,0,0,0,0,0,1,0,2,0,1,0,1,0,1,1,0,1,43,11,18,49,2,23,1,True
https://www.boe.ca.gov,21,www.boe.ca.gov,14,0,341,100.0,0.666666667,0.0033282,0.071387009,3,2,0,0,0.0,7,0.333,0,0.0,0,0,0,2,0.095,1,983,959,1,boeca,0.0,0.0,1,0,1,0,0,1,0,0,0,1,1,1,0,1,1,0,1,23,18,21,85,1,18,1,True
https://www.seattlechannel.org,29,www.seattlechannel.org,22,0,329,100.0,1.0,0.0799628,0.066215142,3,1,0,0,0.0,16,0.552,0,0.0,0,0,0,1,0.034,1,1209,2116,1,seattlechannel,100.0,100.0,1,1,1,0,0,1,0,4,0,1,1,0,0,0,0,0,1,128,10,21,237,0,15,1,True
https://www.marinadelreyfoods.com,32,www.marinadelreyfoods.com,25,0,219,100.0,1.0,0.5229071,0.063999493,3,1,0,0,0.0,19,0.594,0,0.0,0,0,0,1,0.031,1,722,9381,1,marinadelreyfoods,100.0,100.0,1,1,1,0,0,0,0,0,0,1,0,0,0,0,0,0,1,14,14,21,41,1,46,1,True
https://www.put.ac.ir,20,www.put.ac.ir,13,0,498,100.0,0.666666667,0.0012232,0.054917037,2,2,0,0,0.0,6,0.3,0,0.0,0,0,0,2,0.1,1,1911,14961,1,putac,0.0,0.0,1,1,1,1,1,1,1,0,0,0,0,1,0,0,0,0,1,29,16,17,107,1,101,1,True
https://www.logobee.com,22,www.logobee.com,15,0,219,100.0,1.0,0.5229071,0.072554802,3,1,0,0,0.0,9,0.409,0,0.0,0,0,0,1,0.045,1,1981,1466,1,logobee,100.0,100.0,1,0,1,0,0,1,0,0,0,1,0,0,0,1,0,0,1,73,12,12,132,1,76,1,True
https://www.rediris.es,21,www.rediris.es,14,0,134,100.0,1.0,0.0064109,0.064450817,2,1,0,0,0.0,8,0.381,0,0.0,0,0,0,1,0.048,1,727,327,1,rdiris,0.0,0.0,0,0,0,0,0,1,0,3,0,1,1,1,0,0,0,0,1,67,3,6,90,0,98,1,True
https://www.estrellainsurance.com,32,www.estrellainsurance.com,25,0,219,100.0,1.0,0.5229071,0.06664396,3,1,0,0,0.0,19,0.594,0,0.0,0,0,0,1,0.031,1,602,959,1,estrellainsurance,100.0,100.0,0,0,1,0,0,1,0,0,0,1,1,0,0,0,1,0,0,4,2,13,59,0,9,1,True
https://www.nalunch.ru,21,www.nalunch.ru,14,0,73,100.0,1.0,0.0180132,0.053771064,2,1,0,0,0.0,8,0.381,0,0.0,0,0,0,1,0.048,1,704,310,1,nalunch,100.0,100.0,0,0,1,0,0,1,0,1,0,1,0,0,0,1,0,0,1,71,6,11,37,3,14,1,True
https://www.concerthallorganisation.eu,37,www.concerthallorganisation.eu,30,0,787,100.0,1.0,0.0056158,0.066812117,2,1,0,0,0.0,24,0.649,0,0.0,0,0,0,1,0.027,1,687,8156,1,concrthallorganisation,0.0,0.0,1,1,0,0,0,0,0,2,0,0,0,0,0,0,0,0,1,43,6,12,24,0,51,1,True
https://www.ralston.ac,21,www.ralston.ac,14,0,593,100.0,1.0,5.74e-05,0.067331044,2,1,0,0,0.0,8,0.381,0,0.0,0,0,0,1,0.048,1,1187,454,1,rlston,0.0,0.0,1,0,1,0,0,1,0,2,0,1,1,1,0,0,0,0,1,28,2,4,96,0,18,1,True
https://www.svenskaspel.se,25,www.svenskaspel.se,18,0,63,100.0,1.0,0.0040185,0.052948597,2,1,0,0,0.0,12,0.48,0,0.0,0,0,0,1,0.04,1,938,5032,1,venkapel,0.0,0.0,1,1,1,0,0,1,0,1,0,1,0,0,0,1,1,0,1,31,46,99,73,0,13,1,True
http://www.googmail.org,22,www.googmail.org,16,0,329,72.17630854,1.0,0.0799628,0.06751505,3,1,0,0,0.0,10,0.455,0,0.0,0,0,0,1,0.045,0,2,30,0,0,0.0,0.0,0,0,0,0,0,0,0,0,0,0,0,0,0,0,0,0,0,0,0,0,0,0,0,0,True
https://www.u360mobile.com,25,www.u360mobile.com,18,0,219,100.0,0.9,0.5229071,0.049426334,3,1,0,0,0.0,9,0.36,3,0.12,0,0,0,1,0.04,1,180,277,1,u360mobile,100.0,100.0,1,0,0,0,0,0,0,0,0,0,0,0,0,0,0,0,1,8,5,3,3,0,2,1,True
https://www.celticartworks.com,29,www.celticartworks.com,22,0,219,100.0,1.0,0.5229071,0.0635783,3,1,0,0,0.0,16,0.552,0,0.0,0,0,0,1,0.034,1,244,519,1,celticartworks,100.0,100.0,0,0,0,0,0,1,0,5,0,1,1,1,0,0,0,0,1,5,0,1,1,0,31,1,True
https://www.gastricbypassmexico.com,34,www.gastricbypassmexico.com,27,0,219,100.0,1.0,0.5229071,0.059112485,3,1,0,0,0.0,21,0.618,0,0.0,0,0,0,1,0.029,1,653,556,1,gastricbypassmexi,89.47368421,89.47368421,1,1,1,0,0,1,0,0,0,1,1,0,0,0,0,0,1,46,11,15,9,6,21,1,True
https://www.atmosbeauty.com,26,www.atmosbeauty.com,19,0,219,100.0,1.0,0.5229071,0.063527824,3,1,0,0,0.0,13,0.5,0,0.0,0,0,0,1,0.038,1,2262,2677,1,atmosbeauty,100.0,100.0,1,1,1,0,0,1,0,19,0,1,1,1,1,1,1,0,1,32,2,25,94,0,9,1,True
https://www.acep.org,19,www.acep.org,12,0,329,100.0,1.0,0.0799628,0.072222584,3,1,0,0,0.0,6,0.316,0,0.0,0,0,0,1,0.053,1,2009,315,1,acep,100.0,100.0,1,0,1,0,0,1,0,2,1,1,1,1,0,0,1,0,1,24,8,36,210,7,69,1,True
https://www.kiverdi.com,22,www.kiverdi.com,15,0,219,100.0,1.0,0.5229071,0.056717322,3,1,0,0,0.0,9,0.409,0,0.0,0,0,0,1,0.045,1,830,13822,1,kiverdi,100.0,100.0,1,0,1,0,0,1,0,3,0,1,1,1,0,0,1,0,1,17,2,12,48,0,12,1,True
https://www.lavacap.com,22,www.lavacap.com,15,0,219,100.0,1.0,0.5229071,0.063483709,3,1,0,0,0.0,9,0.409,0,0.0,0,0,0,1,0.045,1,305,398,1,lavacap,100.0,100.0,1,0,1,0,0,1,0,0,0,1,1,1,0,0,0,0,1,12,3,14,61,0,12,1,True
https://www.googgun.com,22,www.googgun.com,15,0,219,100.0,1.0,0.5229071,0.06157438,3,1,0,0,0.0,9,0.409,0,0.0,0,0,0,1,0.045,1,1713,4262,1,googgun,100.0,100.0,0,0,1,0,0,1,0,0,0,1,1,1,0,1,1,0,1,39,14,33,86,0,106,1,True
https://www.goteborgdaily.se,27,www.goteborgdaily.se,20,0,63,100.0,1.0,0.0040185,0.055555694,2,1,0,0,0.0,14,0.519,0,0.0,0,0,0,1,0.037,1,519,9381,1,goteborgdaily,100.0,100.0,0,1,1,0,0,0,0,0,1,0,1,0,0,0,0,0,1,7,5,8,89,0,92,1,True
https://www.bethorsoff.com,25,www.bethorsoff.com,18,0,219,100.0,1.0,0.5229071,0.059870155,3,1,0,0,0.0,12,0.48,0,0.0,0,0,0,1,0.04,1,425,613,1,bethorsoff,100.0,100.0,1,1,1,0,0,1,0,0,0,1,0,0,0,0,0,0,1,17,5,11,0,1,15,1,True
https://www.parkinson-italia.it,30,www.parkinson-italia.it,23,0,411,100.0,0.625,0.012178,0.060736441,2,1,0,0,0.0,16,0.533,0,0.0,0,0,0,2,0.067,1,840,502,1,parknson-tala,0.0,0.0,1,0,1,0,0,1,0,2,0,1,1,1,0,0,0,0,1,18,1,24,103,2,112,1,True
https://www.markup.io,20,www.markup.io,13,0,626,100.0,1.0,0.0129268,0.048774682,2,1,0,0,0.0,7,0.35,0,0.0,0,0,0,1,0.05,1,645,9419,1,markup,100.0,100.0,1,1,1,0,0,0,0,1,0,0,0,1,0,0,1,1,1,15,4,14,19,1,37,1,True
https://www.rwxy.tsinghua.edu.cn,31,www.rwxy.tsinghua.edu.cn,24,0,679,100.0,0.529411765,0.0033218,0.044474915,2,3,0,0,0.0,16,0.516,0,0.0,0,0,0,3,0.097,1,817,259,1,rwxytsinghuaedu,0.0,0.0,1,0,1,0,0,0,1,0,0,0,0,1,0,0,0,0,1,26,6,13,11,2,27,1,True
https://www.petercliffordonline.com,34,www.petercliffordonline.com,27,0,219,100.0,1.0,0.5229071,0.062512446,3,1,0,0,0.0,21,0.618,0,0.0,0,0,0,1,0.029,1,486,8898,1,petercliffordonline,100.0,100.0,0,1,0,0,0,0,0,0,0,1,1,1,1,0,0,0,0,4,2,4,4,0,4,1,True
https://www.midlandspubs.co.uk,29,www.midlandspubs.co.uk,22,0,380,100.0,0.866666667,0.028555,0.051013042,2,2,0,0,0.0,15,0.517,0,0.0,0,0,0,2,0.069,1,261,434,1,midlandspbsco,0.0,0.0,1,0,1,0,0,1,0,0,0,1,0,0,0,1,0,0,0,51,1,0,73,0,74,1,True
https://www.alberteinsteinsite.com,33,www.alberteinsteinsite.com,26,0,219,100.0,1.0,0.5229071,0.066202812,3,1,0,0,0.0,20,0.606,0,0.0,0,0,0,1,0.03,1,319,627,1,alberteinsteinsite,100.0,100.0,0,1,0,0,0,1,0,0,0,1,1,0,0,0,0,0,1,2,1,2,6,0,91,1,True
https://www.webuygreensboroareahouses.com,40,www.webuygreensboroareahouses.com,33,0,219,100.0,1.0,0.5229071,0.06258207,3,1,0,0,0.0,27,0.675,0,0.0,0,0,0,1,0.025,1,853,6349,1,webuygreensboroareahouses,100.0,100.0,0,0,1,0,0,1,0,9,0,1,1,1,1,1,1,0,1,32,2,7,39,0,67,1,True
https://www.rrsilvershadow.com,29,www.rrsilvershadow.com,22,0,219,100.0,1.0,0.5229071,0.058008527,3,1,0,0,0.0,16,0.552,0,0.0,0,0,0,1,0.034,1,472,492,1,rrsilvershadow,100.0,100.0,1,0,0,0,0,1,0,0,0,0,0,0,0,0,0,0,1,12,1,1,1,0,14,1,True
https://www.sasebo99.com,23,www.sasebo99.com,16,0,219,100.0,1.0,0.5229071,0.05841194,3,1,0,0,0.0,8,0.348,2,0.087,0,0,0,1,0.043,1,3010,737,1,sasebo99,100.0,100.0,1,0,1,0,0,1,0,1,0,1,0,1,0,0,0,0,1,155,2,6,209,2,183,1,True
https://www.apimondia.org,24,www.apimondia.org,17,0,329,100.0,1.0,0.0799628,0.066442283,3,1,0,0,0.0,11,0.458,0,0.0,0,0,0,1,0.042,1,1398,1546,1,apimondia,100.0,100.0,0,0,1,0,0,1,0,3,0,1,0,1,1,0,1,0,1,17,19,17,70,2,9,1,True
https://www.kemahboardwalkinn.com,32,www.kemahboardwalkinn.com,25,0,219,100.0,1.0,0.5229071,0.056654738,3,1,0,0,0.0,19,0.594,0,0.0,0,0,0,1,0.031,1,673,1343,1,kemahboardwalkinn,100.0,100.0,0,0,1,0,0,1,2,2,0,1,0,0,0,0,0,0,1,21,10,24,22,2,24,1,True
https://www.treasure-inc.co.jp,29,www.treasure-inc.co.jp,22,0,687,100.0,0.6,0.0230451,0.064422216,2,2,0,0,0.0,14,0.483,0,0.0,0,0,0,3,0.103,1,236,153,1,treasure-incco,0.0,0.0,1,0,0,0,0,1,0,0,0,0,0,0,0,0,0,0,1,49,2,1,2,0,13,1,True
https://www.allnews.ch,21,www.allnews.ch,14,0,9,100.0,1.0,0.0049832,0.056713878,2,1,0,0,0.0,8,0.381,0,0.0,0,0,0,1,0.048,1,1017,2390,1,allnews,100.0,100.0,1,0,1,0,0,1,0,2,0,1,1,1,0,1,0,0,1,100,16,18,151,2,103,1,True
https://www.brits.co.uk,22,www.brits.co.uk,15,0,380,100.0,0.75,0.028555,0.058240841,2,2,0,0,0.0,8,0.364,0,0.0,0,0,0,2,0.091,1,877,535,1,britsco,0.0,0.0,0,1,1,1,0,1,0,3,0,1,0,0,0,0,0,0,1,55,1,2,108,3,54,1,True
https://www.finmath.net,22,www.finmath.net,15,0,240,100.0,1.0,0.0384199,0.056094506,3,1,0,0,0.0,9,0.409,0,0.0,0,0,0,1,0.045,1,289,298,1,finmath,100.0,100.0,0,1,1,0,0,1,0,0,0,0,0,0,0,0,0,0,0,0,1,2,13,0,35,1,True
https://www.wpmobilemenu.com,27,www.wpmobilemenu.com,20,0,219,100.0,1.0,0.5229071,0.059596836,3,1,0,0,0.0,14,0.519,0,0.0,0,0,0,1,0.037,1,1177,23119,1,wpmobilemenu,100.0,100.0,0,0,0,0,0,0,0,0,0,0,1,1,0,0,0,0,1,33,3,4,64,0,72,1,True
https://www.bcmm.com.br,22,www.bcmm.com.br,15,0,589,100.0,0.625,0.0094423,0.05985001,2,2,0,0,0.0,8,0.364,0,0.0,0,0,0,2,0.091,1,174,262,1,cmmcom,0.0,0.0,1,1,1,1,0,1,0,1,0,1,0,0,0,0,0,0,0,6,3,5,15,0,26,1,True
https://www.redcliffslodge.com,29,www.redcliffslodge.com,22,0,219,100.0,1.0,0.5229071,0.057144211,3,1,0,0,0.0,16,0.552,0,0.0,0,0,0,1,0.034,1,1284,3780,1,redcliffslodge,100.0,100.0,0,1,1,0,0,1,0,4,0,1,0,1,0,0,0,0,1,17,1,10,14,2,15,1,True
https://www.musashinobank.co.jp,30,www.musashinobank.co.jp,23,0,687,100.0,0.875,0.0230451,0.055760502,2,2,0,0,0.0,16,0.533,0,0.0,0,0,0,2,0.067,1,841,511,1,musashinobankco,0.0,0.0,1,0,1,0,0,1,3,2,0,0,0,1,0,1,1,0,1,141,9,13,261,0,25,1,True
https://www.septentrion.qc.ca,28,www.septentrion.qc.ca,21,0,950,100.0,0.857142857,0.0101825,0.061417144,2,2,0,0,0.0,14,0.5,0,0.0,0,0,0,2,0.071,1,865,299,1,septentrionq,0.0,0.0,1,0,0,0,0,1,0,0,0,1,1,0,0,1,1,0,0,58,1,9,165,0,83,1,True
https://www.iparcheggiatori.it,29,www.iparcheggiatori.it,22,0,411,100.0,1.0,0.012178,0.060340819,2,1,0,0,0.0,16,0.552,0,0.0,0,0,0,1,0.034,1,284,404,1,parcheggator,0.0,0.0,0,0,1,0,0,1,0,3,0,0,1,0,0,0,0,0,0,22,1,4,1,1,5,1,True
https://www.parklawn.com,23,www.parklawn.com,16,0,219,100.0,1.0,0.5229071,0.055262179,3,1,0,0,0.0,10,0.435,0,0.0,0,0,0,1,0.043,1,2630,2406,1,parklawn,100.0,100.0,1,0,1,0,0,1,1,4,0,1,1,1,0,0,1,0,1,9,13,12,73,0,5,1,True
https://www.dunmore.com,22,www.dunmore.com,15,0,219,100.0,1.0,0.5229071,0.067838458,3,1,0,0,0.0,9,0.409,0,0.0,0,0,0,1,0.045,1,957,618,1,dunmore,100.0,100.0,1,0,1,0,0,1,0,2,0,1,1,0,0,0,0,0,1,18,20,33,108,2,117,1,True
https://themoufservices.start.page/,34,themoufservices.start.page,26,0,884,49.30433079,0.761904762,0.0001446,0.058842887,4,1,0,0,0.0,24,0.706,0,0.0,0,0,0,2,0.059,1,125,391,1,themoufservicesstart,0.0,0.0,0,0,0,0,0,0,0,0,0,0,0,0,0,0,0,0,0,5,0,0,0,0,8,0,True
https://www.margauxandmay.com,28,www.margauxandmay.com,21,0,219,100.0,1.0,0.5229071,0.056794065,3,1,0,0,0.0,15,0.536,0,0.0,0,0,0,1,0.036,1,2788,8369,1,margauxandmay,100.0,100.0,0,0,1,0,0,1,0,19,0,1,1,1,1,1,1,0,1,62,2,19,42,0,19,1,True
https://www.kpcw.org,19,www.kpcw.org,12,0,329,100.0,1.0,0.0799628,0.048188913,3,1,0,0,0.0,6,0.316,0,0.0,0,0,0,1,0.053,1,4759,9116,1,kpcw,100.0,100.0,1,0,1,0,0,0,0,1,0,1,0,0,0,0,1,0,1,117,1,5,273,0,292,1,True
https://www.crispapp.com,23,www.crispapp.com,16,0,219,100.0,1.0,0.5229071,0.058543172,3,1,0,0,0.0,10,0.435,0,0.0,0,0,0,1,0.043,1,1005,687,1,crispapp,100.0,100.0,1,0,0,0,0,1,0,0,0,1,0,0,0,0,0,0,1,191,3,5,1,0,60,1,True
https://www.palitrumlab.ru,25,www.palitrumlab.ru,18,0,73,100.0,1.0,0.0180132,0.05272306,2,1,0,0,0.0,12,0.48,0,0.0,0,0,0,1,0.04,1,119,229,1,palitumlab,0.0,0.0,1,0,1,0,0,1,0,0,0,0,0,0,0,0,0,0,1,4,3,8,15,0,2,1,True
https://www.moovmnt.com,22,www.moovmnt.com,15,0,219,100.0,1.0,0.5229071,0.069663694,3,1,0,0,0.0,9,0.409,0,0.0,0,0,0,1,0.045,1,1094,9381,1,moovmnt,100.0,100.0,1,1,1,0,0,1,0,7,0,1,0,0,0,0,0,0,0,17,13,11,120,0,143,1,True
https://www.hajker.hu,20,www.hajker.hu,13,0,19,100.0,1.0,0.0022172,0.043213244,2,1,0,0,0.0,7,0.35,0,0.0,0,0,0,1,0.05,1,223,3016,1,ajker,83.33333333,83.33333333,1,0,1,0,0,1,0,4,0,1,0,0,0,1,0,1,1,9,2,10,10,0,13,1,True
https://www.taptapkaboom.com,27,www.taptapkaboom.com,20,0,219,100.0,1.0,0.5229071,0.063219527,3,1,0,0,0.0,14,0.519,0,0.0,0,0,0,1,0.037,1,761,1151,1,taptapkaboom,100.0,100.0,0,0,1,0,0,1,0,0,0,0,1,0,0,0,0,0,1,54,1,4,41,0,36,1,True
https://bafybeicd2g3q2kigmyymienzmh42y4zazhgbjbjaz2flolti4zwiaihurm.ipfs.w3s.link/brapo.html,91,bafybeicd2g3q2kigmyymienzmh42y4zazhgbjbjaz2flolti4zwiaihurm.ipfs.w3s.link,73,0,616,9.693210618,0.235294118,0.0003306,0.036896255,4,2,0,0,0.0,69,0.758,9,0.099,0,0,0,5,0.055,1,4,796549,0,0,0.0,0.0,0,0,0,0,0,0,0,0,0,0,0,0,0,0,0,0,0,0,0,0,0,0,0,0,True
https://www.ehorses.com,22,www.ehorses.com,15,0,219,100.0,1.0,0.5229071,0.07264998,3,1,0,0,0.0,9,0.409,0,0.0,0,0,0,1,0.045,1,4207,907,1,ehorses,100.0,100.0,1,0,1,0,0,1,0,2,0,1,1,1,0,0,1,0,1,91,0,4,245,0,280,1,True
https://www.friendsofflorence.org,32,www.friendsofflorence.org,25,0,329,100.0,1.0,0.0799628,0.062433706,3,1,0,0,0.0,19,0.594,0,0.0,0,0,0,1,0.031,1,599,9381,1,friendsofflence,0.0,0.0,0,1,1,0,0,0,0,0,1,1,1,1,1,0,0,0,1,9,39,41,88,0,74,1,True
https://www.calculquebec.ca,26,www.calculquebec.ca,19,0,950,100.0,1.0,0.0101825,0.055822534,2,1,0,0,0.0,13,0.5,0,0.0,0,0,0,1,0.038,1,1075,8047,1,alulquebe,0.0,0.0,1,1,1,0,0,0,0,0,0,1,0,0,0,0,0,0,1,26,6,8,77,0,82,1,True
https://wild-morning-5807.wasteroadmored.workers.dev/,53,wild-morning-5807.wasteroadmored.workers.dev,44,0,487,27.65555243,0.475,0.0009613,0.051994024,3,2,0,0,0.0,35,0.66,4,0.075,0,0,0,6,0.113,1,9,382473,0,0,2.5,2.5,0,0,0,0,0,0,0,0,0,0,1,0,0,0,1,0,0,1,1,0,0,0,1,0,True
https://www.meatopia.org,23,www.meatopia.org,16,0,329,100.0,1.0,0.0799628,0.072446774,3,1,0,0,0.0,10,0.435,0,0.0,0,0,0,1,0.043,1,179,1991,1,meatopia,100.0,100.0,0,0,1,0,0,0,0,0,0,1,0,0,0,1,0,0,1,5,2,7,1,0,31,1,True
https://www.wellfitandfed.com,28,www.wellfitandfed.com,21,0,219,100.0,1.0,0.5229071,0.053210598,3,1,0,0,0.0,15,0.536,0,0.0,0,0,0,1,0.036,1,1013,21845,1,wellfitandfed,100.0,100.0,0,1,1,0,0,1,0,0,1,1,1,1,0,1,0,0,1,36,16,20,41,0,59,1,True
https://www.shriswaminarayandivinemission.org,44,www.shriswaminarayandivinemission.org,37,0,329,100.0,1.0,0.0799628,0.059738977,3,1,0,0,0.0,31,0.705,0,0.0,0,0,0,1,0.023,1,450,1350,1,shriswaminarayandivinemission,100.0,100.0,1,0,1,0,0,0,0,0,0,1,0,0,0,0,0,0,1,26,18,10,51,1,66,1,True
https://www.waverley.nsw.gov.au,30,www.waverley.nsw.gov.au,23,0,275,100.0,0.5625,0.0100856,0.049873877,2,3,0,0,0.0,15,0.5,0,0.0,0,0,0,3,0.1,1,1217,1090,1,wverleynswgov,0.0,0.0,1,0,1,0,0,0,0,5,0,1,1,1,0,0,1,0,1,14,4,15,185,4,188,1,True
https://www.ridiculousupside.com,31,www.ridiculousupside.com,24,0,219,100.0,1.0,0.5229071,0.057047293,3,1,0,0,0.0,18,0.581,0,0.0,0,0,0,1,0.032,1,4017,29678,1,ridiculousupside,100.0,100.0,1,0,1,0,0,1,0,2,0,1,1,0,0,1,0,1,1,65,4,14,106,0,181,1,True
https://www.eatwicked.com,24,www.eatwicked.com,17,0,219,100.0,1.0,0.5229071,0.062180014,3,1,0,0,0.0,11,0.458,0,0.0,0,0,0,1,0.042,1,1179,9381,1,eatwicked,100.0,100.0,0,1,1,0,0,0,0,2,0,1,0,1,0,0,0,0,1,16,28,48,104,13,127,1,True
https://www.dubairacingclub.com,30,www.dubairacingclub.com,23,0,219,100.0,1.0,0.5229071,0.055337218,3,1,0,0,0.0,17,0.567,0,0.0,0,0,0,1,0.033,1,1684,8004,1,dubairacingclub,100.0,100.0,0,0,1,0,0,0,0,0,0,0,1,1,0,0,0,0,0,13,12,13,63,0,29,1,True
https://www.maxyawards.com,25,www.maxyawards.com,18,0,219,100.0,1.0,0.5229071,0.054790012,3,1,0,0,0.0,12,0.48,0,0.0,0,0,0,1,0.04,1,874,14417,1,maxyawards,100.0,100.0,1,0,1,0,0,1,0,0,0,1,1,0,0,0,1,0,1,11,4,16,42,1,10,1,True
https://www.sibirix.ru,21,www.sibirix.ru,14,0,73,100.0,1.0,0.0180132,0.049515385,2,1,0,0,0.0,8,0.381,0,0.0,0,0,0,1,0.048,1,624,9571,1,sibiix,0.0,0.0,1,0,1,0,0,1,0,1,0,1,1,0,0,0,0,0,1,27,1,5,68,0,46,1,True
https://www.pinupinapack.com,27,www.pinupinapack.com,20,0,219,100.0,1.0,0.5229071,0.055392662,3,1,0,0,0.0,14,0.519,0,0.0,0,0,0,1,0.037,1,1352,3956,1,pinupinapack,100.0,100.0,1,0,1,0,0,1,0,19,0,1,1,1,1,1,1,0,1,12,3,24,32,1,13,1,True
https://www.twardoch.com,23,www.twardoch.com,16,0,219,100.0,1.0,0.5229071,0.061396195,3,1,0,0,0.0,10,0.435,0,0.0,0,0,0,1,0.043,1,244,874,1,twardoch,100.0,100.0,0,0,1,0,0,1,0,0,0,1,0,0,0,0,0,0,0,1,6,8,26,0,70,1,True
https://www.munchkinandbear.com.au,33,www.munchkinandbear.com.au,26,0,275,100.0,0.842105263,0.0100856,0.059384333,2,2,0,0,0.0,19,0.576,0,0.0,0,0,0,2,0.061,1,1126,1399,1,munchkinndbercom,0.0,0.0,1,0,1,0,0,1,0,2,0,1,1,1,0,0,1,0,1,15,10,21,93,3,95,1,True
http://bancaonline0103.webcindario.com/home.php,47,bancaonline0103.webcindario.com,31,0,219,32.56402439,0.592592593,0.5229071,0.055015358,3,1,0,0,0.0,32,0.681,4,0.085,0,0,0,4,0.085,0,121,149,0,0,3.703703704,2.857142857,0,0,0,1,0,0,0,2,0,0,0,0,0,0,0,0,0,3,0,2,0,0,1,0,True
https://www.pinetreeweb.com,26,www.pinetreeweb.com,19,0,219,100.0,1.0,0.5229071,0.063848722,3,1,0,0,0.0,13,0.5,0,0.0,0,0,0,1,0.038,1,9233,8047,1,pinetreeweb,100.0,100.0,0,1,0,0,0,0,0,0,0,0,0,0,0,0,1,1,1,41,4,6,81,0,752,1,True
https://www.littleearthnest.com.au,33,www.littleearthnest.com.au,26,0,275,100.0,0.842105263,0.0100856,0.065104138,2,2,0,0,0.0,19,0.576,0,0.0,0,0,0,2,0.061,1,3066,13447,1,littleerthnestcom,0.0,0.0,1,1,1,0,0,1,0,19,0,1,1,1,1,1,1,0,1,153,9,26,208,0,130,1,True
https://www.invaderband.com,26,www.invaderband.com,19,0,219,100.0,1.0,0.5229071,0.058641281,3,1,0,0,0.0,13,0.5,0,0.0,0,0,0,1,0.038,1,7514,13831,1,invaderband,100.0,100.0,1,0,1,0,0,1,0,9,0,1,1,1,0,0,1,0,0,74,2,11,19,0,47,1,True
https://www.fotawildlife.ie,26,www.fotawildlife.ie,19,0,856,100.0,1.0,0.0015878,0.051893946,2,1,0,0,0.0,13,0.5,0,0.0,0,0,0,1,0.038,1,1866,9381,1,fotawldlfe,0.0,0.0,1,1,1,0,0,1,0,2,1,1,1,1,0,0,1,0,0,59,38,57,183,1,176,1,True
https://www.getsuvolley.com,26,www.getsuvolley.com,19,0,219,100.0,1.0,0.5229071,0.056747172,3,1,0,0,0.0,13,0.5,0,0.0,0,0,0,1,0.038,1,3773,13558,1,getsuvolley,100.0,100.0,1,1,1,0,0,1,0,3,0,1,1,1,0,0,0,0,1,130,18,40,476,14,415,1,True
https://www.australiacloud.com.au,32,www.australiacloud.com.au,25,0,275,100.0,0.833333333,0.0100856,0.064105474,2,2,0,0,0.0,18,0.562,0,0.0,0,0,0,2,0.062,1,1600,29184,1,ustrlicloudcom,0.0,0.0,1,1,1,0,0,1,0,1,0,1,1,1,0,0,1,0,1,20,26,42,151,1,167,1,True
https://www.questpaymentsystems.com,34,www.questpaymentsystems.com,27,0,219,100.0,1.0,0.5229071,0.056165568,3,1,0,0,0.0,21,0.618,0,0.0,0,0,0,1,0.029,1,522,2677,1,questpaymentsystems,100.0,100.0,1,0,0,0,0,1,0,0,0,0,0,0,0,1,1,0,1,18,5,6,0,0,10,1,True
http://www.freeguard.biz,23,www.freeguard.biz,17,0,727,74.14965986,1.0,0.0017975,0.052355053,3,1,0,0,0.0,11,0.478,0,0.0,0,0,0,1,0.043,0,2,33,0,0,0.0,0.0,0,0,0,0,0,0,0,0,0,0,0,0,0,0,0,0,0,0,0,0,0,0,0,0,True
https://www.rocoil.com.au,24,www.rocoil.com.au,17,0,275,100.0,0.7,0.0100856,0.076429819,2,2,0,0,0.0,10,0.417,0,0.0,0,0,0,2,0.083,1,418,342,1,rocoilcom,0.0,0.0,1,0,1,0,0,0,0,0,0,0,1,0,0,0,0,0,1,6,3,9,48,0,7,1,True
https://www.britishchambers.org.uk,33,www.britishchambers.org.uk,26,0,380,100.0,0.842105263,0.028555,0.054764678,2,2,0,0,0.0,19,0.576,0,0.0,0,0,0,2,0.061,1,1516,13106,1,britishchambersorg,0.0,0.0,1,0,1,0,0,1,0,2,1,1,0,1,1,0,0,0,1,5,2,8,176,4,90,1,True
https://www.louisemathewson.com,30,www.louisemathewson.com,23,0,219,100.0,1.0,0.5229071,0.064641187,3,1,0,0,0.0,17,0.567,0,0.0,0,0,0,1,0.033,1,685,13910,1,louisemathewson,100.0,100.0,0,0,1,0,0,0,0,1,0,1,0,1,0,0,1,1,1,5,1,6,9,0,22,1,True
https://www.simharl.com,22,www.simharl.com,15,0,219,100.0,1.0,0.5229071,0.062906129,3,1,0,0,0.0,9,0.409,0,0.0,0,0,0,1,0.045,1,920,9381,1,simharl,100.0,100.0,1,1,1,0,0,1,0,0,1,1,1,1,1,0,0,0,1,13,9,14,51,0,69,1,True
https://www.prensalibre.com,26,www.prensalibre.com,19,0,219,100.0,1.0,0.5229071,0.06362491,3,1,0,0,0.0,13,0.5,0,0.0,0,0,0,1,0.038,1,3789,8047,1,prensalibre,100.0,100.0,1,1,1,1,0,1,0,3,0,1,1,1,0,0,1,0,0,103,0,16,368,3,386,1,True
http://www.beta.oneclick-beauty.com,35,www.beta.oneclick-beauty.com,28,0,219,54.76388889,0.45,0.5229071,0.061785038,3,2,0,0,0.0,21,0.6,0,0.0,0,0,0,3,0.086,0,15,200,1,betaoneclick-beauty,0.0,0.0,0,0,0,0,0,0,0,0,0,0,0,0,0,0,0,0,0,0,0,0,0,0,0,0,True
https://www.westwoodunitarian.ca,31,www.westwoodunitarian.ca,24,0,950,100.0,1.0,0.0101825,0.060193434,2,1,0,0,0.0,18,0.581,0,0.0,0,0,0,1,0.032,1,1722,21386,1,westwoodunitarian,100.0,100.0,0,1,1,0,0,0,0,1,0,0,1,1,1,1,0,0,1,19,53,42,250,2,254,1,True
https://royal-hall-4b6c.u84799i09929.workers.dev/,49,royal-hall-4b6c.u84799i09929.workers.dev,40,0,487,29.21341463,0.361111111,0.0009613,0.035000311,3,2,0,0,0.0,23,0.469,12,0.245,0,0,0,6,0.122,1,90,394,1,royal-hall-4b6cu84799i09929workers,0.0,0.0,0,1,1,0,0,0,0,0,0,0,1,1,0,0,0,0,0,0,2,0,2,0,2,0,True
https://www.billcoxfurniture.com,31,www.billcoxfurniture.com,24,0,219,100.0,1.0,0.5229071,0.055225467,3,1,0,0,0.0,18,0.581,0,0.0,0,0,0,1,0.032,1,1121,12451,1,billxfurniture,0.0,0.0,0,1,1,0,0,1,0,2,0,1,0,0,0,0,0,0,0,52,24,18,79,1,82,1,True
https://www.brasparts.com,24,www.brasparts.com,17,0,219,100.0,1.0,0.5229071,0.061500506,3,1,0,0,0.0,11,0.458,0,0.0,0,0,0,1,0.042,1,238,626,1,brasparts,100.0,100.0,0,0,0,0,0,1,0,0,0,1,0,0,0,0,0,0,1,32,2,4,1,3,24,1,True
https://www.vserv.com,20,www.vserv.com,13,0,219,100.0,1.0,0.5229071,0.057759685,3,1,0,0,0.0,7,0.35,0,0.0,0,0,0,1,0.05,1,671,1689,1,vserv,100.0,100.0,1,0,1,0,0,1,0,1,0,1,0,0,0,1,0,0,0,135,2,7,0,0,1,1,True
https://www.purplesquadsec.com,29,www.purplesquadsec.com,22,0,219,100.0,1.0,0.5229071,0.054384732,3,1,0,0,0.0,16,0.552,0,0.0,0,0,0,1,0.034,1,365,2980,1,purplesquadsec,100.0,100.0,0,0,1,0,0,1,1,0,0,1,0,0,0,0,0,0,0,5,0,1,14,0,115,1,True
https://www.dka.at,17,www.dka.at,10,0,654,100.0,1.0,0.0038776,0.052291393,2,1,0,0,0.0,4,0.235,0,0.0,0,0,0,1,0.059,1,712,9186,1,dk,66.66666667,66.66666667,0,1,1,1,1,1,0,0,0,1,1,1,0,0,0,0,1,13,7,17,24,0,16,1,True
https://www.screamer-radio.com,29,www.screamer-radio.com,22,0,219,100.0,0.642857143,0.5229071,0.072640816,3,1,0,0,0.0,15,0.517,0,0.0,0,0,0,2,0.069,1,530,458,1,screamer-radio,100.0,100.0,1,0,1,0,0,0,0,0,0,1,0,0,0,0,0,0,0,3,2,7,65,0,4,1,True
https://www.bloodtestguide.info,30,www.bloodtestguide.info,23,0,713,100.0,1.0,0.0075051,0.054973681,4,1,0,0,0.0,17,0.567,0,0.0,0,0,0,1,0.033,1,226,265,1,bloodtestguide,100.0,100.0,1,0,1,0,0,1,0,0,0,0,0,0,0,0,0,0,1,18,7,16,0,0,7,1,True
https://www.navigationmaster.com,31,www.navigationmaster.com,24,0,219,100.0,1.0,0.5229071,0.065673334,3,1,0,0,0.0,18,0.581,0,0.0,0,0,0,1,0.032,1,881,340,1,navigationmaster,100.0,100.0,1,0,1,0,0,0,0,0,0,0,0,0,0,0,1,0,1,9,7,9,43,0,52,1,True
https://www.fifacoin.com,23,www.fifacoin.com,16,0,219,100.0,1.0,0.5229071,0.064557145,3,1,0,0,0.0,10,0.435,0,0.0,0,0,0,1,0.043,1,3084,1056,1,fifain,0.0,0.0,1,0,1,1,1,1,0,5,0,1,1,1,1,0,1,0,1,18,9,25,70,1,13,1,True
https://www.kickitout.org,24,www.kickitout.org,17,0,329,100.0,1.0,0.0799628,0.058198404,3,1,0,0,0.0,11,0.458,0,0.0,0,0,0,1,0.042,1,855,5396,1,kickitout,100.0,100.0,1,0,1,0,0,0,0,2,0,1,1,1,0,0,0,0,1,16,64,36,101,0,13,1,True
https://apptuts.bio/detalhamentoluiza?gclid=eaiaiqobchmiqyiknqwx_qiv8hxuar0eugqpeaayaiaaegl61vd_bwe,99,apptuts.bio,11,0,463,13.38580197,1.0,7.27e-05,0.046030844,3,0,0,0,0.0,81,0.818,4,0.04,1,1,0,4,0.061,1,58,186,1,apptutsdetalhamentoluiza?gclid=eaiaiqobchmiqyiknqwx_qiv8hxuar0eugqpeaayaiaaegl61vd_bwe,0.0,100.0,0,0,1,0,0,1,0,0,0,0,0,0,0,0,0,0,0,1,2,8,3,0,4,0,True
http://ufgrlxaaax.hard4sewe.club/vnafvra97w/?q=3717065149&id=100,64,ufgrlxaaax.hard4sewe.club,25,0,372,14.30678936,0.6,0.0006227,0.030410437,4,1,0,0,0.0,33,0.516,16,0.25,2,1,0,5,0.125,0,9,72,1,ufgrlxaaaxhard4sewevnafvra97w?q=3717065149&id=100,0.0,0.0,0,0,0,0,0,0,0,0,0,0,0,0,0,0,0,0,0,0,0,0,0,0,0,0,True
https://www.raheja.com,21,www.raheja.com,14,0,219,100.0,1.0,0.5229071,0.064926071,3,1,0,0,0.0,8,0.381,0,0.0,0,0,0,1,0.048,1,2614,492,1,raheja,100.0,100.0,1,1,1,1,0,1,0,3,0,1,1,1,0,0,0,0,1,174,10,12,94,9,127,1,True
https://www.kuriermobil.at,25,www.kuriermobil.at,18,0,654,100.0,1.0,0.0038776,0.058287088,2,1,0,0,0.0,12,0.48,0,0.0,0,0,0,1,0.04,1,342,184,1,kuriermobil,100.0,100.0,1,0,1,1,1,1,0,0,0,0,1,1,0,0,0,0,0,9,3,8,5,0,7,1,True
https://www.ssmt-reviews.com,27,www.ssmt-reviews.com,20,0,219,100.0,0.666666667,0.5229071,0.060392704,3,1,0,0,0.0,13,0.481,0,0.0,0,0,0,2,0.074,1,1679,9677,1,ssmt-reviews,100.0,100.0,0,0,1,0,0,1,66,0,0,1,1,1,0,1,1,0,1,52,11,34,244,0,261,1,True
https://www.bioparcodisicilia.it,31,www.bioparcodisicilia.it,24,0,411,100.0,1.0,0.012178,0.062867638,2,1,0,0,0.0,18,0.581,0,0.0,0,0,0,1,0.032,1,8541,26037,1,boparcodscla,0.0,0.0,0,1,1,0,0,1,0,15,0,1,1,1,0,0,1,0,1,54,65,132,164,18,109,1,True
https://www.wildviolet.net,25,www.wildviolet.net,18,0,240,100.0,1.0,0.0384199,0.054863062,3,1,0,0,0.0,12,0.48,0,0.0,0,0,0,1,0.04,1,446,3101,1,wildviolet,100.0,100.0,0,0,1,0,0,0,0,0,0,1,1,0,0,0,0,0,1,4,14,24,74,7,87,1,True
https://www.exotour.travel,25,www.exotour.travel,18,0,692,100.0,1.0,0.0001144,0.062179467,6,1,0,0,0.0,12,0.48,0,0.0,0,0,0,1,0.04,1,1487,491,1,exotour,100.0,100.0,1,1,1,0,0,1,0,0,0,1,1,1,0,0,0,0,0,82,18,13,4,0,7,1,True
https://www.leroyseafood.com,27,www.leroyseafood.com,20,0,219,100.0,1.0,0.5229071,0.068716807,3,1,0,0,0.0,14,0.519,0,0.0,0,0,0,1,0.037,1,1566,1079,1,leroyseafood,100.0,100.0,1,0,1,0,0,1,0,1,0,1,0,0,0,0,0,0,1,59,2,9,164,8,15,1,True
https://www.politesi.polimi.it,29,www.politesi.polimi.it,22,0,411,100.0,0.6,0.012178,0.061250568,2,2,0,0,0.0,15,0.517,0,0.0,0,0,0,2,0.069,1,796,3118,1,poltespolm,0.0,0.0,1,0,1,0,0,0,1,0,1,0,1,1,0,0,0,0,1,7,5,21,23,3,13,1,True
https://www.serverlesschats.com,30,www.serverlesschats.com,23,0,219,100.0,1.0,0.5229071,0.063384927,3,1,0,0,0.0,17,0.567,0,0.0,0,0,0,1,0.033,1,226,680,1,serverlesschats,100.0,100.0,1,0,1,0,0,1,0,1,0,1,1,1,0,0,0,0,1,7,2,1,26,0,9,1,True
https://www.vinylmeplease.com,28,www.vinylmeplease.com,21,0,219,100.0,1.0,0.5229071,0.059916641,3,1,0,0,0.0,15,0.536,0,0.0,0,0,0,1,0.036,1,11433,102950,1,vinylmeplease,100.0,100.0,1,0,1,0,0,1,0,20,0,1,1,1,1,1,1,0,1,213,2,25,264,69,67,1,True
https://www.pragmaticcoders.com,30,www.pragmaticcoders.com,23,0,219,100.0,1.0,0.5229071,0.065827076,3,1,0,0,0.0,17,0.567,0,0.0,0,0,0,1,0.033,1,4541,25074,1,pragmaticders,0.0,0.0,1,0,1,0,0,1,0,1,0,1,0,1,0,1,1,1,1,29,21,17,163,0,172,1,True
https://www.medellin.travel,26,www.medellin.travel,19,0,692,100.0,1.0,0.0001144,0.059746188,6,1,0,0,0.0,13,0.5,0,0.0,0,0,0,1,0.038,1,1700,30253,1,medellin,100.0,100.0,0,1,1,0,0,1,0,1,1,1,1,1,0,0,0,0,0,16,41,56,122,8,135,1,True
https://www.haystack.mit.edu,27,www.haystack.mit.edu,20,0,625,100.0,0.75,0.0115013,0.053820235,3,2,0,0,0.0,13,0.481,0,0.0,0,0,0,2,0.074,1,745,1926,1,haystackmit,0.0,0.0,0,1,1,0,0,1,0,0,0,1,1,0,0,0,0,0,1,34,4,9,95,0,102,1,True
https://www.radioheritage.com,28,www.radioheritage.com,21,0,219,100.0,1.0,0.5229071,0.067184352,3,1,0,0,0.0,15,0.536,0,0.0,0,0,0,1,0.036,1,4926,15993,1,radioheritage,100.0,100.0,0,1,1,0,0,0,1,10,0,1,1,1,0,0,0,0,1,194,33,87,974,1,1003,1,True
https://www.walsallintelligence.org.uk,37,www.walsallintelligence.org.uk,30,0,380,100.0,0.869565217,0.028555,0.058042585,2,2,0,0,0.0,23,0.622,0,0.0,0,0,0,2,0.054,1,1318,9381,1,walsallintelligenceorg,0.0,0.0,0,1,1,0,0,1,0,1,0,1,1,1,0,0,0,0,1,14,27,31,52,0,55,1,True
https://www.metalformingmagazine.com,35,www.metalformingmagazine.com,28,0,219,100.0,1.0,0.5229071,0.062013837,3,1,0,0,0.0,22,0.629,0,0.0,0,0,0,1,0.029,1,794,5427,1,metalformingmagazine,100.0,100.0,1,1,1,0,0,1,0,2,0,1,1,1,1,1,0,0,1,29,8,18,236,0,23,1,True
https://www.albanyrecords.com,28,www.albanyrecords.com,21,0,219,100.0,1.0,0.5229071,0.063319363,3,1,0,0,0.0,15,0.536,0,0.0,0,0,0,1,0.036,1,371,1746,1,albanyrerds,0.0,0.0,1,0,0,1,1,0,1,0,0,0,1,1,0,0,0,0,0,1,3,3,55,1,55,1,True
https://www.somewhereoverthecamo.com,35,www.somewhereoverthecamo.com,28,0,219,100.0,1.0,0.5229071,0.068737097,3,1,0,0,0.0,22,0.629,0,0.0,0,0,0,1,0.029,1,5641,32068,1,somewhereoverthecamo,100.0,100.0,1,0,0,0,0,0,0,26,0,1,1,1,0,0,0,0,1,29,10,10,57,1,74,1,True
https://www.angeledenblog.com,28,www.angeledenblog.com,21,0,219,100.0,1.0,0.5229071,0.062539498,3,1,0,0,0.0,15,0.536,0,0.0,0,0,0,1,0.036,1,383,1985,1,angeledenblog,100.0,100.0,0,0,0,0,0,0,0,2,0,1,1,0,0,0,0,0,1,21,2,5,43,0,54,1,True
https://www.summersidetack.ca,28,www.summersidetack.ca,21,0,950,100.0,1.0,0.0101825,0.059957027,2,1,0,0,0.0,15,0.536,0,0.0,0,0,0,1,0.036,1,2217,2682,1,summersidetak,0.0,0.0,0,1,1,0,0,1,0,19,0,0,1,1,1,1,1,0,1,75,2,15,132,1,11,1,True
https://www.yulu.bike,20,www.yulu.bike,13,0,457,100.0,1.0,3.66e-05,0.031747198,4,1,0,0,0.0,7,0.35,0,0.0,0,0,0,1,0.05,1,876,1871,1,yulu,100.0,100.0,0,0,1,1,1,0,0,0,0,1,1,0,0,0,0,0,1,59,13,16,42,1,77,1,True
https://www.tastelanghe.it,25,www.tastelanghe.it,18,0,411,100.0,1.0,0.012178,0.060305395,2,1,0,0,0.0,12,0.48,0,0.0,0,0,0,1,0.04,1,3840,29420,1,tastelanghe,100.0,100.0,0,0,1,0,0,1,0,21,0,1,1,1,0,1,1,0,1,71,10,30,45,5,32,1,True
https://www.ndc.scot.nhs.uk,26,www.ndc.scot.nhs.uk,19,0,380,100.0,0.416666667,0.028555,0.055937922,2,3,0,0,0.0,11,0.423,0,0.0,0,0,0,3,0.115,1,261,764,1,ndcscotnhs,0.0,0.0,0,0,0,0,0,0,0,0,0,1,1,0,0,0,0,0,1,2,6,4,49,1,11,1,True
https://www.prolongservices.com,30,www.prolongservices.com,23,0,219,100.0,1.0,0.5229071,0.064422792,3,1,0,0,0.0,17,0.567,0,0.0,0,0,0,1,0.033,1,864,454,1,prolongservices,100.0,100.0,1,0,1,0,0,1,0,0,0,1,1,0,0,0,0,0,1,20,10,18,2,9,17,1,True
https://www.cosaordino.it,24,www.cosaordino.it,17,0,411,100.0,1.0,0.012178,0.072135408,2,1,0,0,0.0,11,0.458,0,0.0,0,0,0,1,0.042,1,784,371,1,cosaordno,0.0,0.0,0,0,1,0,0,1,0,2,0,1,1,1,1,0,1,0,0,18,11,19,43,0,50,1,True
https://www.international-alert.org,34,www.international-alert.org,27,0,329,100.0,0.736842105,0.0799628,0.068245675,3,1,0,0,0.0,20,0.588,0,0.0,0,0,0,2,0.059,1,910,9381,1,international-alert,100.0,100.0,0,1,1,0,0,1,0,2,0,1,1,1,0,0,0,0,1,20,3,9,116,1,135,1,True
https://www.ceda.ac.uk,21,www.ceda.ac.uk,14,0,380,100.0,0.714285714,0.028555,0.065749186,2,2,0,0,0.0,7,0.333,0,0.0,0,0,0,2,0.095,1,550,503,1,cedaac,0.0,0.0,0,0,1,0,0,0,1,2,0,0,1,0,0,0,0,0,0,13,7,8,25,0,13,1,True
https://www.goriverwalk.com,26,www.goriverwalk.com,19,0,219,100.0,1.0,0.5229071,0.05731138,3,1,0,0,0.0,13,0.5,0,0.0,0,0,0,1,0.038,1,759,9381,1,goriverwalk,100.0,100.0,1,1,1,0,0,0,1,1,0,1,0,0,0,0,0,0,1,20,19,41,86,0,88,1,True
https://www.bergenpac.org,24,www.bergenpac.org,17,0,329,100.0,1.0,0.0799628,0.063055148,3,1,0,0,0.0,11,0.458,0,0.0,0,0,0,1,0.042,1,962,435,1,bergenpac,100.0,100.0,1,0,1,0,0,1,0,11,0,1,1,1,0,1,0,0,1,44,2,14,154,0,155,1,True
https://www.jberrynursery.com,28,www.jberrynursery.com,21,0,219,100.0,1.0,0.5229071,0.053558643,3,1,0,0,0.0,15,0.536,0,0.0,0,0,0,1,0.036,1,550,2573,1,jberrynursery,100.0,100.0,1,0,1,0,0,1,0,0,0,1,1,0,0,0,0,0,1,46,11,18,27,0,34,1,True
https://www.wildernessmag.co.nz,30,www.wildernessmag.co.nz,23,0,346,100.0,0.875,0.0019933,0.060090621,2,2,0,0,0.0,16,0.533,0,0.0,0,0,0,2,0.067,1,1363,9381,1,wilderessmagco,0.0,0.0,1,1,1,0,0,1,0,2,1,1,1,0,0,0,1,0,1,51,23,27,172,1,175,1,True
https://www.mmcafe.com,21,www.mmcafe.com,14,0,219,100.0,1.0,0.5229071,0.069661599,3,1,0,0,0.0,8,0.381,0,0.0,0,0,0,1,0.048,1,591,948,1,mmcafe,100.0,100.0,1,0,0,0,0,1,0,3,0,1,0,0,0,0,0,0,1,45,1,3,2,0,4,1,True
https://www.exploreveg.org,25,www.exploreveg.org,18,0,329,100.0,1.0,0.0799628,0.059023972,3,1,0,0,0.0,12,0.48,0,0.0,0,0,0,1,0.04,1,934,8047,1,expleveg,0.0,0.0,1,1,1,0,0,1,0,2,0,1,1,1,0,0,0,0,1,18,3,16,40,0,39,1,True
https://www.adornbyalexandrariley.com,36,www.adornbyalexandrariley.com,29,0,219,100.0,1.0,0.5229071,0.058571694,3,1,0,0,0.0,23,0.639,0,0.0,0,0,0,1,0.028,1,5935,8674,1,adornbyalexandrariley,100.0,100.0,0,0,1,0,0,1,0,19,0,0,1,1,1,1,1,0,1,98,8,19,75,3,21,1,True
https://www.scalatest.org,24,www.scalatest.org,17,0,329,100.0,1.0,0.0799628,0.068555992,3,1,0,0,0.0,11,0.458,0,0.0,0,0,0,1,0.042,1,239,295,1,scalatest,100.0,100.0,0,0,0,0,0,0,0,0,0,0,0,0,0,0,0,0,1,1,2,5,15,0,2,1,True
https://www.auburn.edu,21,www.auburn.edu,14,0,625,100.0,1.0,0.0115013,0.050927118,3,1,0,0,0.0,8,0.381,0,0.0,0,0,0,1,0.048,1,1168,2439,1,auburn,100.0,100.0,1,0,1,0,0,1,0,2,0,1,1,1,0,1,0,0,1,15,7,8,21,6,88,1,True
https://www.ansto.gov.au,23,www.ansto.gov.au,16,0,275,100.0,0.666666667,0.0100856,0.063914279,2,2,0,0,0.0,9,0.391,0,0.0,0,0,0,2,0.087,1,6623,13118,1,nstogov,0.0,0.0,1,0,1,0,0,1,0,8,0,1,1,1,1,0,0,0,1,67,64,105,288,0,31,1,True
https://www.um.si,16,www.um.si,9,0,32,100.0,1.0,0.0004946,0.049733975,2,1,0,0,0.0,3,0.188,0,0.0,0,0,0,1,0.062,1,2167,11379,1,um,100.0,100.0,1,1,1,0,0,1,0,0,0,1,1,0,0,0,0,0,1,76,10,12,120,3,126,1,True
https://www.stlrenfest.com,25,www.stlrenfest.com,18,0,219,100.0,1.0,0.5229071,0.062745603,3,1,0,0,0.0,12,0.48,0,0.0,0,0,0,1,0.04,1,772,9381,1,stlrenfest,100.0,100.0,0,1,1,0,0,0,1,0,0,1,1,1,0,0,0,0,1,14,21,16,64,0,75,1,True
https://www.police1.com,22,www.police1.com,15,0,219,100.0,1.0,0.5229071,0.063703628,3,1,0,0,0.0,8,0.364,1,0.045,0,0,0,1,0.045,1,8681,72438,1,police1,100.0,100.0,1,0,1,1,0,1,1,6,1,1,1,1,0,0,0,0,1,357,2,25,225,3,82,1,True
https://www.sao2fl.org,21,www.sao2fl.org,14,0,329,100.0,0.666666667,0.0799628,0.057970692,3,1,0,0,0.0,7,0.333,1,0.048,0,0,0,1,0.048,1,527,1311,1,sao2fl,100.0,100.0,0,0,1,0,0,0,0,0,0,1,0,1,0,0,1,0,1,16,2,6,54,0,55,1,True
https://www.historyandheadlines.com,34,www.historyandheadlines.com,27,0,219,100.0,1.0,0.5229071,0.059724708,3,1,0,0,0.0,21,0.618,0,0.0,0,0,0,1,0.029,1,1461,9381,1,historyandheadlines,100.0,100.0,0,1,1,0,0,1,0,3,0,1,1,1,0,0,0,0,1,26,21,32,133,6,134,1,True
https://www.shintetsu.co.jp,26,www.shintetsu.co.jp,19,0,687,100.0,0.833333333,0.0230451,0.055693852,2,2,0,0,0.0,12,0.462,0,0.0,0,0,0,2,0.077,1,370,404,1,shintetsuco,0.0,0.0,0,0,0,0,0,0,0,2,0,1,0,0,0,0,0,0,0,38,3,3,0,0,4,1,True
https://www.fmo.nl,17,www.fmo.nl,10,0,281,100.0,1.0,0.0082003,0.059108231,2,1,0,0,0.0,4,0.235,0,0.0,0,0,0,1,0.059,1,387,736,1,fmo,100.0,100.0,0,0,1,0,0,1,0,1,0,1,1,0,0,1,0,0,0,16,5,9,13,0,10,1,True
https://www.johnnie-o.com,24,www.johnnie-o.com,17,0,219,100.0,0.888888889,0.5229071,0.067745806,3,1,0,0,0.0,10,0.417,0,0.0,0,0,0,2,0.083,1,5916,5246,1,johnnie-o,100.0,100.0,1,0,1,1,0,1,0,20,0,1,1,1,1,1,1,0,1,78,5,39,224,7,38,1,True
https://www.nine-lives-studio.com,32,www.nine-lives-studio.com,25,0,219,100.0,0.411764706,0.5229071,0.061397315,3,1,0,0,0.0,17,0.531,0,0.0,0,0,0,3,0.094,1,864,1478,1,nine-lives-studio,100.0,100.0,1,0,0,0,0,1,0,1,0,0,0,1,0,0,1,0,1,666,7,10,16,0,6,1,True
https://www.d-zine.se,20,www.d-zine.se,13,0,63,100.0,0.833333333,0.0040185,0.050178417,2,1,0,0,0.0,6,0.3,0,0.0,0,0,0,2,0.1,1,474,562,1,d-zine,100.0,100.0,0,0,0,0,0,1,0,1,0,1,1,1,0,0,0,0,1,8,1,5,31,0,21,1,True
https://www.bsim.berkeley.edu,28,www.bsim.berkeley.edu,21,0,625,100.0,0.692307692,0.0115013,0.053504439,3,2,0,0,0.0,14,0.5,0,0.0,0,0,0,2,0.071,1,552,480,1,bsimberkeley,0.0,0.0,0,0,1,0,0,0,0,0,0,0,0,0,0,0,0,0,0,1,9,15,39,1,42,1,True
https://www.primocanale.it,25,www.primocanale.it,18,0,411,100.0,1.0,0.012178,0.0669647,2,1,0,0,0.0,12,0.48,0,0.0,0,0,0,1,0.04,1,1815,803,1,prmocanale,0.0,0.0,0,0,0,0,0,1,0,0,0,1,1,1,0,0,0,0,1,8,6,13,145,1,9,1,True
https://www.ci.boerne.tx.us,26,www.ci.boerne.tx.us,19,0,721,100.0,0.583333333,0.0045585,0.059149309,2,3,0,0,0.0,11,0.423,0,0.0,0,0,0,3,0.115,1,4585,1671,1,ciboernetx,0.0,0.0,1,0,1,0,0,1,0,1,0,1,0,1,0,0,1,0,1,2,14,18,387,0,25,1,True
https://www.ordredemaltefrance.org,33,www.ordredemaltefrance.org,26,0,329,100.0,1.0,0.0799628,0.066974591,3,1,0,0,0.0,20,0.606,0,0.0,0,0,0,1,0.03,1,1649,9381,1,dredemaltefrance,88.88888889,88.88888889,1,1,1,0,0,0,0,10,0,1,1,1,0,0,1,0,0,11,1,15,102,0,135,1,True
https://www.mantech.com,22,www.mantech.com,15,0,219,100.0,1.0,0.5229071,0.068586865,3,1,0,0,0.0,9,0.409,0,0.0,0,0,0,1,0.045,1,1385,5312,1,mantech,100.0,100.0,1,0,1,0,0,0,0,10,0,1,1,1,0,0,0,0,1,20,2,6,193,0,54,1,True
https://www.gessle.com,21,www.gessle.com,14,0,219,100.0,1.0,0.5229071,0.067081909,3,1,0,0,0.0,8,0.381,0,0.0,0,0,0,1,0.048,1,201,1820,1,gessle,100.0,100.0,0,1,1,0,0,0,0,0,0,1,0,0,0,0,0,0,0,8,5,5,20,0,24,1,True
https://www.asecho.org,21,www.asecho.org,14,0,329,100.0,1.0,0.0799628,0.073776251,3,1,0,0,0.0,8,0.381,0,0.0,0,0,0,1,0.048,1,657,8047,1,asecho,100.0,100.0,0,1,1,0,0,1,2,0,0,1,0,0,0,0,0,0,1,14,17,28,136,5,174,1,True
https://www.susannahweiland.co.uk,32,www.susannahweiland.co.uk,25,0,380,100.0,0.888888889,0.028555,0.057111592,2,2,0,0,0.0,18,0.562,0,0.0,0,0,0,2,0.062,1,3520,9458,1,ssannahweilandco,0.0,0.0,0,0,1,0,0,1,0,19,0,1,1,1,1,1,1,0,1,34,7,22,113,243,16,1,True
https://www.carpetcleaningadvanced.com,37,www.carpetcleaningadvanced.com,30,0,219,100.0,1.0,0.5229071,0.062868848,3,1,0,0,0.0,24,0.649,0,0.0,0,0,0,1,0.027,1,904,8047,1,carpetcleaningadvanced,100.0,100.0,0,1,1,0,0,1,0,3,0,1,1,0,0,0,0,0,1,39,3,8,92,0,84,1,True
https://www.airbornesappers.org.uk,33,www.airbornesappers.org.uk,26,0,380,100.0,0.842105263,0.028555,0.061064481,2,2,0,0,0.0,19,0.576,0,0.0,0,0,0,2,0.061,1,884,1361,1,airbornesappersorg,0.0,0.0,1,0,0,0,0,1,0,0,0,0,1,1,0,0,0,0,1,14,6,10,2,0,4,1,True
https://www.fsb-tcfd.org,23,www.fsb-tcfd.org,16,0,329,100.0,0.625,0.0799628,0.047827023,3,1,0,0,0.0,9,0.391,0,0.0,0,0,0,2,0.087,1,1944,36376,1,fsb-tcfd,100.0,100.0,1,0,1,0,0,1,0,1,0,1,0,1,0,0,0,1,1,19,5,10,26,0,40,1,True
http://www.f4afca2e9a6103d1a364c00398fc302773.ws,48,www.f4afca2e9a6103d1a364c00398fc302773.ws,41,0,56,19.41870747,0.294117647,0.0003477,0.022300119,2,1,0,0,0.0,14,0.292,22,0.458,0,0,0,1,0.021,0,13,244,1,f4afca2e9a6103d1a364c00398fc302773,100.0,100.0,0,0,1,0,0,0,0,0,0,0,0,0,0,0,0,0,0,0,0,0,0,0,1,0,True
https://www.vladimir-city.ru,27,www.vladimir-city.ru,20,0,73,100.0,0.692307692,0.0180132,0.0525131,2,1,0,0,0.0,13,0.481,0,0.0,0,0,0,2,0.074,1,4152,7514,1,vladimi-city,0.0,0.0,0,0,0,0,0,0,0,3,0,0,1,1,0,0,0,0,1,37,10,19,496,3,12,1,True
https://www.hollandarthouse.com,30,www.hollandarthouse.com,23,0,219,100.0,1.0,0.5229071,0.06225549,3,1,0,0,0.0,17,0.567,0,0.0,0,0,0,1,0.033,1,554,884,1,hollandarthouse,100.0,100.0,1,0,1,0,0,1,0,1,0,1,0,0,0,0,1,0,1,31,4,15,11,0,5,1,True
https://www.topmarques.uk.com,28,www.topmarques.uk.com,21,0,219,100.0,0.846153846,0.5229071,0.056380478,3,2,0,0,0.0,14,0.5,0,0.0,0,0,0,2,0.071,1,824,333,1,topmarquesuk,0.0,0.0,1,1,0,1,1,1,0,2,0,1,1,0,0,0,0,0,1,46,5,10,5,5,22,1,True
https://www.footankleinstitute.com,33,www.footankleinstitute.com,26,0,219,100.0,1.0,0.5229071,0.063179874,3,1,0,0,0.0,20,0.606,0,0.0,0,0,0,1,0.03,1,1218,24319,1,footankleinstitute,100.0,100.0,1,1,1,0,0,1,0,1,0,1,0,1,0,0,1,0,1,59,1,21,68,0,74,1,True
https://www.elperiodista.cl,26,www.elperiodista.cl,19,0,496,100.0,1.0,0.0012193,0.064086674,2,1,0,0,0.0,13,0.5,0,0.0,0,0,0,1,0.038,1,1585,8047,1,elperiodista,100.0,100.0,1,1,1,0,0,1,0,5,0,1,1,1,1,0,1,0,1,35,11,21,158,0,162,1,True
https://www.mikitenarch.com,26,www.mikitenarch.com,19,0,219,100.0,1.0,0.5229071,0.063224158,3,1,0,0,0.0,13,0.5,0,0.0,0,0,0,1,0.038,1,880,2023,1,mikitenarch,100.0,100.0,0,0,1,0,0,1,0,4,0,1,0,1,0,0,1,0,0,13,7,13,32,0,8,1,True
https://www.kathyarcher.com,26,www.kathyarcher.com,19,0,219,100.0,1.0,0.5229071,0.058238054,3,1,0,0,0.0,13,0.5,0,0.0,0,0,0,1,0.038,1,10708,42953,1,kathyarcher,100.0,100.0,0,0,1,0,0,1,0,3,0,1,0,1,1,0,1,0,0,25,15,18,32,2,33,1,True
https://www.dnswm.org,20,www.dnswm.org,13,0,329,100.0,1.0,0.0799628,0.054346778,3,1,0,0,0.0,7,0.35,0,0.0,0,0,0,1,0.05,1,1339,13248,1,dnswm,100.0,100.0,1,1,1,0,0,0,0,0,1,1,1,1,0,0,1,0,0,23,25,30,197,10,204,1,True
http://inside.mp3.de/c/r?action=ri&emid=090069t04kpcr01u2mn8r&uid=vzic5w77tgfh72amde3a&key=h2vabltsmh-cy4arohcdmjeuwcxq4thvvcarzpknkblqikeuy-flo1fcqsaflbsxz6x4ezflmoso7lgu&cars_classified_url=http://ow.ly/b3tu50ngbwf,216,inside.mp3.de,13,0,976,5.493521112,0.8,0.0326503,0.039097015,2,1,0,0,0.0,153,0.708,29,0.134,5,1,0,14,0.093,0,9,225,1,insimp3cr?action=ri&emid=090069t04kpcr01u2mn8r&uid=vzic5w77tgfh72am3a&key=h2vabltsmh-cy4arohcdmjeuwcxq4thvvcarzpknkblqikeuy-flo1fcqsaflbsxz6x4ezflmoso7lgu&cars_classified_url=owlyb3tu50ngbwf,0.0,0.0,0,0,0,0,0,0,0,0,0,0,0,0,0,0,0,0,0,0,0,0,0,0,1,0,True
https://www.ultimatehaunt.com,28,www.ultimatehaunt.com,21,0,219,100.0,1.0,0.5229071,0.060398033,3,1,0,0,0.0,15,0.536,0,0.0,0,0,0,1,0.036,1,224,9534,1,ultimatehaunt,100.0,100.0,0,1,1,0,0,0,0,0,0,1,1,1,0,0,0,0,1,9,8,5,58,0,61,1,True
https://www.misterfly.com,24,www.misterfly.com,17,0,219,100.0,1.0,0.5229071,0.057611274,3,1,0,0,0.0,11,0.458,0,0.0,0,0,0,1,0.042,1,1502,538,1,misterfly,100.0,100.0,1,1,1,1,1,1,2,0,0,0,1,1,0,1,1,0,0,41,6,29,17,1,28,1,True
https://www.copaxone.com,23,www.copaxone.com,16,0,219,100.0,1.0,0.5229071,0.071007333,3,1,0,0,0.0,10,0.435,0,0.0,0,0,0,1,0.043,1,575,1400,1,paxone,75.0,75.0,0,0,1,0,0,1,0,2,0,0,1,0,0,0,1,0,1,17,0,8,24,0,8,1,True
https://www.new-buildhousing.com.au,34,www.new-buildhousing.com.au,27,0,275,100.0,0.65,0.0100856,0.054221777,2,2,0,0,0.0,19,0.559,0,0.0,0,0,0,3,0.088,1,3731,3237,1,new-buildhousingcom,0.0,0.0,1,0,1,0,0,1,0,0,0,1,1,1,0,0,0,0,1,11,15,36,148,1,23,1,True
https://www.casavacanzeilcorno.com,33,www.casavacanzeilcorno.com,26,0,219,100.0,1.0,0.5229071,0.068446439,3,1,0,0,0.0,20,0.606,0,0.0,0,0,0,1,0.03,1,1299,2342,1,casavacanzeilrno,0.0,0.0,0,0,1,0,0,1,0,3,0,1,0,0,0,0,0,0,1,7,19,12,51,1,54,1,True
https://www.rigetti.com,22,www.rigetti.com,15,0,219,100.0,1.0,0.5229071,0.065752233,3,1,0,0,0.0,9,0.409,0,0.0,0,0,0,1,0.045,1,762,2240,1,rigetti,100.0,100.0,0,1,0,0,0,1,0,2,0,1,0,0,0,0,0,0,1,40,1,3,47,0,60,1,True
https://www.manilalivewire.com,29,www.manilalivewire.com,22,0,219,100.0,1.0,0.5229071,0.062257193,3,1,0,0,0.0,16,0.552,0,0.0,0,0,0,1,0.034,1,1420,1398,1,manilalivewire,100.0,100.0,1,0,1,0,0,1,0,0,0,1,1,0,0,0,0,0,1,74,11,23,15,5,18,1,True
https://www.land.vic.gov.au,26,www.land.vic.gov.au,19,0,275,100.0,0.416666667,0.0100856,0.052928993,2,3,0,0,0.0,11,0.423,0,0.0,0,0,0,3,0.115,1,3590,3754,1,lndvicgov,0.0,0.0,1,1,1,0,0,1,0,2,0,1,1,0,0,0,0,0,1,15,2,15,349,2,365,1,True
https://www.general-track.com,28,www.general-track.com,21,0,219,100.0,0.615384615,0.5229071,0.065292819,3,1,0,0,0.0,14,0.5,0,0.0,0,0,0,2,0.071,1,686,501,1,general-track,100.0,100.0,1,0,1,0,0,1,0,0,0,0,1,1,0,0,0,0,1,11,3,11,2,1,5,1,True
https://www.caingram.info,24,www.caingram.info,17,0,713,100.0,1.0,0.0075051,0.058580916,4,1,0,0,0.0,11,0.458,0,0.0,0,0,0,1,0.042,1,809,1677,1,caingram,100.0,100.0,1,0,1,0,0,0,0,1,0,1,0,0,0,0,0,0,1,10,0,8,174,0,185,1,True
https://www.caldecks.com,23,www.caldecks.com,16,0,219,100.0,1.0,0.5229071,0.063654071,3,1,0,0,0.0,10,0.435,0,0.0,0,0,0,1,0.043,1,1294,9381,1,caldecks,100.0,100.0,0,1,1,0,0,1,0,1,0,1,0,1,0,0,0,0,0,47,23,108,107,1,128,1,True
https://www.canadianbeernews.com,31,www.canadianbeernews.com,24,0,219,100.0,1.0,0.5229071,0.065487053,3,1,0,0,0.0,18,0.581,0,0.0,0,0,0,1,0.032,1,4177,9381,1,canadianbeernews,100.0,100.0,0,1,1,0,0,1,0,0,0,1,1,1,0,1,0,0,1,133,12,13,415,2,427,1,True
https://www.me-tis.net,21,www.me-tis.net,14,0,240,100.0,0.666666667,0.0384199,0.067475473,3,1,0,0,0.0,7,0.333,0,0.0,0,0,0,2,0.095,1,405,760,1,me-tis,100.0,100.0,1,0,1,0,0,1,0,1,0,0,0,0,0,0,0,0,1,16,2,7,45,0,54,1,True
https://www.coin-or.org,22,www.coin-or.org,15,0,329,100.0,0.714285714,0.0799628,0.078129053,3,1,0,0,0.0,8,0.364,0,0.0,0,0,0,2,0.091,1,289,9381,1,coin-,71.42857143,71.42857143,0,1,1,0,0,0,0,0,0,1,1,0,0,0,0,0,1,8,19,22,64,0,68,1,True
https://www.chhs.niu.edu,23,www.chhs.niu.edu,16,0,625,100.0,0.625,0.0115013,0.049834974,3,2,0,0,0.0,9,0.391,0,0.0,0,0,0,2,0.087,1,1428,578,1,chhsniu,0.0,0.0,0,0,0,0,0,0,0,1,0,1,1,1,0,0,0,0,1,11,11,13,21,8,99,1,True
https://www.sidneyherald.com,27,www.sidneyherald.com,20,0,219,100.0,1.0,0.5229071,0.058211322,3,1,0,0,0.0,14,0.519,0,0.0,0,0,0,1,0.037,1,7433,33961,1,sidneyherald,100.0,100.0,0,1,1,0,0,1,0,5,1,1,1,1,1,1,1,0,1,50,9,68,247,0,61,1,True
https://www.shopivyandash.com,28,www.shopivyandash.com,21,0,219,100.0,1.0,0.5229071,0.053332365,3,1,0,0,0.0,15,0.536,0,0.0,0,0,0,1,0.036,1,2394,3976,1,shopivyandash,100.0,100.0,0,0,1,0,0,1,0,19,0,0,1,1,1,1,1,0,1,56,88,21,148,0,14,1,True
https://www.newenttowncouncil.org.uk,35,www.newenttowncouncil.org.uk,28,0,380,100.0,0.857142857,0.028555,0.059728243,2,2,0,0,0.0,21,0.6,0,0.0,0,0,0,2,0.057,1,835,1348,1,newenttownconcilorg,0.0,0.0,0,0,1,0,0,1,1,0,1,1,0,0,0,0,0,0,1,15,1,5,1,0,4,1,True
https://www.au.com,17,www.au.com,10,0,219,100.0,1.0,0.5229071,0.0721484,3,1,0,0,0.0,4,0.235,0,0.0,0,0,0,1,0.059,1,3426,859,1,au,100.0,100.0,1,0,1,0,0,1,0,1,0,1,1,1,0,1,1,0,1,91,12,35,192,14,129,1,True
https://www.wealthmeta.com,25,www.wealthmeta.com,18,0,219,100.0,1.0,0.5229071,0.063896732,3,1,0,0,0.0,12,0.48,0,0.0,0,0,0,1,0.04,1,695,393,1,wealthmeta,100.0,100.0,1,0,1,0,0,1,0,0,0,1,1,1,1,0,1,0,1,17,1,2,117,1,15,1,True
https://www.playgroundsafetyinspector.co.uk,42,www.playgroundsafetyinspector.co.uk,35,0,380,100.0,0.928571429,0.028555,0.056275735,2,2,0,0,0.0,28,0.667,0,0.0,0,0,0,2,0.048,1,515,11583,1,playgrondsafetyinspectorco,0.0,0.0,1,1,1,0,0,0,0,1,1,1,1,1,0,0,0,0,0,4,5,10,17,3,18,1,True
https://www.letstripnepal.com,28,www.letstripnepal.com,21,0,219,100.0,1.0,0.5229071,0.061344666,3,1,0,0,0.0,15,0.536,0,0.0,0,0,0,1,0.036,1,1415,18955,1,letstripnepal,100.0,100.0,0,1,1,0,0,1,0,0,1,1,1,1,1,0,1,0,1,34,19,23,126,12,129,1,True
https://www.breegle.com,22,www.breegle.com,15,0,219,100.0,1.0,0.5229071,0.06665216,3,1,0,0,0.0,9,0.409,0,0.0,0,0,0,1,0.045,1,3171,14346,1,breegle,100.0,100.0,1,0,1,0,0,1,0,12,0,1,1,1,0,1,1,0,1,116,19,28,99,1,22,1,True
https://www.creema.jp,20,www.creema.jp,13,0,687,100.0,1.0,0.0230451,0.066133376,2,1,0,0,0.0,7,0.35,0,0.0,0,0,0,1,0.05,1,4381,390,1,creema,100.0,100.0,0,0,0,0,0,1,0,1,0,1,0,1,0,1,1,0,1,104,2,9,460,15,52,1,True
https://www.kulturzeitschrift.at,31,www.kulturzeitschrift.at,24,0,654,100.0,1.0,0.0038776,0.048973153,2,1,0,0,0.0,18,0.581,0,0.0,0,0,0,1,0.032,1,952,3006,1,kulturzeitschrift,100.0,100.0,1,0,1,0,0,0,0,0,0,0,0,0,0,0,0,0,0,9,1,5,129,4,123,1,True
https://www.ilprimatonazionale.it,32,www.ilprimatonazionale.it,25,0,411,100.0,1.0,0.012178,0.06324353,2,1,0,0,0.0,19,0.594,0,0.0,0,0,0,1,0.031,1,6692,9458,1,lprmatonazonale,0.0,0.0,0,1,1,0,0,1,0,10,1,1,1,1,1,0,1,0,1,93,3,68,252,21,273,1,True
https://www.derewonko.com,24,www.derewonko.com,17,0,219,100.0,1.0,0.5229071,0.066886229,3,1,0,0,0.0,11,0.458,0,0.0,0,0,0,1,0.042,1,410,1391,1,derewonko,100.0,100.0,1,0,1,0,0,1,0,0,0,1,0,1,0,0,0,0,1,29,17,33,28,0,35,1,True
https://www.digital.archives.go.jp,33,www.digital.archives.go.jp,26,0,687,100.0,0.473684211,0.0230451,0.053353211,2,3,0,0,0.0,18,0.545,0,0.0,0,0,0,3,0.091,1,342,228,1,digitalarchivesgo,0.0,0.0,0,0,1,0,0,1,0,0,0,1,0,1,0,0,0,0,1,11,5,7,54,0,7,1,True
https://www.pointwise.com,24,www.pointwise.com,17,0,219,100.0,1.0,0.5229071,0.063434292,3,1,0,0,0.0,11,0.458,0,0.0,0,0,0,1,0.042,1,954,965,1,pointwise,100.0,100.0,1,0,1,0,0,1,0,2,0,1,0,0,0,0,0,0,1,47,5,29,11,0,28,1,True
https://www.dot.state.mn.us,26,www.dot.state.mn.us,19,0,721,100.0,0.5,0.0045585,0.061412688,2,3,0,0,0.0,11,0.423,0,0.0,0,0,0,3,0.115,1,424,376,1,dotstatemn,0.0,0.0,1,0,1,0,0,1,0,0,0,1,0,0,0,0,0,0,0,10,4,20,80,0,51,1,True
https://www.camelgames.com,25,www.camelgames.com,18,0,219,100.0,1.0,0.5229071,0.070028705,3,1,0,0,0.0,12,0.48,0,0.0,0,0,0,1,0.04,1,1685,798,1,camelgames,100.0,100.0,0,0,1,0,0,1,0,0,0,0,0,0,0,0,1,0,1,25,36,40,51,0,11,1,True
https://www.stayarlington.com,28,www.stayarlington.com,21,0,219,100.0,1.0,0.5229071,0.062105551,3,1,0,0,0.0,15,0.536,0,0.0,0,0,0,1,0.036,1,1855,1368,1,stayarlington,100.0,100.0,0,0,0,1,0,0,0,4,0,1,1,1,0,0,0,0,0,54,4,13,217,18,78,1,True
https://www.storeatmyhouse.com,29,www.storeatmyhouse.com,22,0,219,100.0,1.0,0.5229071,0.065938853,3,1,0,0,0.0,16,0.552,0,0.0,0,0,0,1,0.034,1,658,9104,1,storeatmyhouse,100.0,100.0,0,1,1,0,0,1,0,1,0,1,1,1,1,0,1,0,1,8,22,48,55,6,48,1,True
https://www.debbielum.com,24,www.debbielum.com,17,0,219,100.0,1.0,0.5229071,0.057253068,3,1,0,0,0.0,11,0.458,0,0.0,0,0,0,1,0.042,1,1043,1350,1,debbielum,100.0,100.0,0,0,1,0,0,1,0,3,0,1,1,1,0,0,1,0,1,20,6,11,45,0,8,1,True
https://formaloo.net/attmail876,31,formaloo.net,12,0,240,54.25330813,1.0,0.0384199,0.057880186,3,0,0,0,0.0,18,0.581,3,0.097,0,0,0,2,0.065,1,103,83,1,formalooattmail876,0.0,100.0,0,0,0,0,0,0,0,0,0,0,0,0,0,0,0,0,0,6,1,1,0,0,7,0,True
https://www.sallyvannuys.com,27,www.sallyvannuys.com,20,0,219,100.0,1.0,0.5229071,0.051450446,3,1,0,0,0.0,14,0.519,0,0.0,0,0,0,1,0.037,1,253,1598,1,sallyvannuys,100.0,100.0,1,1,1,0,0,1,0,0,0,1,0,0,0,0,1,0,1,18,1,4,0,0,24,1,True
https://www.gynultrazvuk.cz,26,www.gynultrazvuk.cz,19,0,713,100.0,1.0,0.0036307,0.039178335,2,1,0,0,0.0,13,0.5,0,0.0,0,0,0,1,0.038,1,607,201,1,gynultrazvuk,100.0,100.0,1,1,1,0,0,1,0,0,0,0,1,0,0,0,0,0,0,18,1,4,44,1,1,1,True
https://www.renogalliera.it,26,www.renogalliera.it,19,0,411,100.0,1.0,0.012178,0.066680166,2,1,0,0,0.0,13,0.5,0,0.0,0,0,0,1,0.038,1,406,3406,1,renogallera,0.0,0.0,1,0,1,0,0,0,0,0,0,1,1,0,0,0,0,0,0,9,2,3,44,7,53,1,True
https://www.gskentuckiana.org,28,www.gskentuckiana.org,21,0,329,100.0,1.0,0.0799628,0.058070755,3,1,0,0,0.0,15,0.536,0,0.0,0,0,0,1,0.036,1,1659,15135,1,gskentuckiana,100.0,100.0,1,0,1,0,0,1,0,3,0,1,0,0,0,0,0,0,0,27,9,28,54,0,16,1,True
https://www.vassilisa.com,24,www.vassilisa.com,17,0,219,100.0,1.0,0.5229071,0.062313491,3,1,0,0,0.0,11,0.458,0,0.0,0,0,0,1,0.042,1,6826,31176,1,vassilisa,100.0,100.0,0,0,1,0,0,1,0,19,0,1,1,1,1,1,1,0,1,233,2,25,180,55,60,1,True
https://www.falklandislands.com,30,www.falklandislands.com,23,0,219,100.0,1.0,0.5229071,0.054651772,3,1,0,0,0.0,17,0.567,0,0.0,0,0,0,1,0.033,1,1727,21368,1,falklandislands,100.0,100.0,1,0,1,0,0,1,0,3,0,1,1,1,0,0,0,0,1,212,5,13,136,3,35,1,True
https://www.spiritech.fr,23,www.spiritech.fr,16,0,336,100.0,1.0,0.0141483,0.052524447,2,1,0,0,0.0,10,0.435,0,0.0,0,0,0,1,0.043,1,2273,1019,1,spiritech,100.0,100.0,1,0,1,0,0,1,4,4,0,1,1,0,0,0,0,0,0,80,2,13,86,0,123,1,True
https://www.ecommercebytes.com,29,www.ecommercebytes.com,22,0,219,100.0,1.0,0.5229071,0.069625209,3,1,0,0,0.0,16,0.552,0,0.0,0,0,0,1,0.034,1,938,9381,1,emmercebytes,0.0,0.0,0,1,1,0,0,1,0,1,0,0,1,1,0,0,1,0,1,29,15,21,165,2,159,1,True
https://www.stirlingshop.de,26,www.stirlingshop.de,19,0,976,100.0,1.0,0.0326503,0.051151671,2,1,0,0,0.0,13,0.5,0,0.0,0,0,0,1,0.038,1,1606,786,1,stirlingshop,100.0,100.0,1,0,1,0,0,1,1,1,1,0,1,1,0,0,1,0,0,18,4,8,24,0,8,1,True
https://www.cddft.nhs.uk,23,www.cddft.nhs.uk,16,0,380,100.0,0.666666667,0.028555,0.041313392,2,2,0,0,0.0,9,0.391,0,0.0,0,0,0,2,0.087,1,485,1486,1,cddftnhs,0.0,0.0,0,0,1,0,0,0,0,1,0,1,1,0,0,0,0,0,0,6,2,12,41,2,14,1,True
https://www.hjalmarsonstiftelsen.se,34,www.hjalmarsonstiftelsen.se,27,0,63,100.0,1.0,0.0040185,0.057588319,2,1,0,0,0.0,21,0.618,0,0.0,0,0,0,1,0.029,1,457,4603,1,hjalmarontiftelen,0.0,0.0,1,1,1,0,0,0,0,1,0,1,0,1,0,0,0,0,1,1,11,25,51,4,53,1,True
https://www.givot.co.il,22,www.givot.co.il,15,0,674,100.0,0.75,0.0013543,0.062297004,2,2,0,0,0.0,8,0.364,0,0.0,0,0,0,2,0.091,1,711,9381,1,gvotco,0.0,0.0,0,1,1,0,0,0,0,0,1,0,1,1,0,0,0,0,0,18,23,27,78,9,81,1,True
https://www.euromanticism.org,28,www.euromanticism.org,21,0,329,100.0,1.0,0.0799628,0.068197676,3,1,0,0,0.0,15,0.536,0,0.0,0,0,0,1,0.036,1,918,2562,1,euromanticism,100.0,100.0,0,0,1,0,0,0,1,0,0,1,1,1,0,0,0,0,1,9,6,18,55,1,78,1,True
https://www.penta-ocean.co.jp,28,www.penta-ocean.co.jp,21,0,687,100.0,0.428571429,0.0230451,0.068722126,2,2,0,0,0.0,13,0.464,0,0.0,0,0,0,3,0.107,1,466,274,1,penta-oceanco,0.0,0.0,1,1,1,0,0,1,1,0,0,0,1,0,0,0,0,0,1,22,10,16,7,1,13,1,True
https://www.phpfastcache.com,27,www.phpfastcache.com,20,0,219,100.0,1.0,0.5229071,0.056889983,3,1,0,0,0.0,14,0.519,0,0.0,0,0,0,1,0.037,1,271,235,1,phpfastcache,100.0,100.0,1,0,1,0,0,1,0,0,0,0,0,0,0,0,0,0,0,3,7,9,6,0,15,1,True
http://www.iphanyi.mywire.org,28,www.iphanyi.mywire.org,22,0,329,54.06107862,0.571428571,0.0799628,0.052905929,3,2,0,0,0.0,15,0.536,0,0.0,0,0,0,2,0.071,0,33,137,1,iphanyimywire,0.0,0.0,0,0,0,0,0,0,0,0,0,0,0,0,0,0,0,0,0,1,0,0,0,0,1,0,True
https://www.mykeuken.com,23,www.mykeuken.com,16,0,219,100.0,1.0,0.5229071,0.055098012,3,1,0,0,0.0,10,0.435,0,0.0,0,0,0,1,0.043,1,1914,9085,1,mykeuken,100.0,100.0,1,0,0,0,0,0,1,4,0,1,1,0,0,0,0,0,1,26,9,7,248,0,259,1,True
https://www.eljaya.com,21,www.eljaya.com,14,0,219,100.0,1.0,0.5229071,0.061239607,3,1,0,0,0.0,8,0.381,0,0.0,0,0,0,1,0.048,1,2930,22979,1,eljaya,100.0,100.0,1,1,1,0,0,1,0,0,0,1,1,0,0,0,0,0,1,92,23,38,234,7,267,1,True
https://www.release-the-pain.com,31,www.release-the-pain.com,24,0,219,100.0,0.5,0.5229071,0.067607258,3,1,0,0,0.0,16,0.516,0,0.0,0,0,0,3,0.097,1,2890,10789,1,release-the-pain,100.0,100.0,0,0,1,0,0,1,1,34,0,1,0,1,0,0,1,0,1,33,13,22,164,1,28,1,True
https://www.kapalya.com,22,www.kapalya.com,15,0,219,100.0,1.0,0.5229071,0.057461447,3,1,0,0,0.0,9,0.409,0,0.0,0,0,0,1,0.045,1,3574,285,1,kapalya,100.0,100.0,0,0,0,0,0,0,0,4,0,1,1,1,0,0,1,1,1,16,9,23,0,3,62,1,True
https://www.fulfillmentbyasap.com,32,www.fulfillmentbyasap.com,25,0,219,100.0,1.0,0.5229071,0.051177245,3,1,0,0,0.0,19,0.594,0,0.0,0,0,0,1,0.031,1,1449,987,1,fulfillmentbyasap,100.0,100.0,1,1,1,1,0,1,0,2,0,1,1,1,0,0,1,0,1,42,14,15,123,4,13,1,True
https://www.campingroadtrip.com,30,www.campingroadtrip.com,23,0,219,100.0,1.0,0.5229071,0.061581527,3,1,0,0,0.0,17,0.567,0,0.0,0,0,0,1,0.033,1,978,12541,1,campingroadtrip,100.0,100.0,1,0,0,0,0,1,0,5,0,1,1,1,0,0,1,0,1,37,7,8,50,0,22,1,True
https://www.visitpitcairn.pn,27,www.visitpitcairn.pn,20,0,338,100.0,1.0,1.02e-05,0.053835525,2,1,0,0,0.0,14,0.519,0,0.0,0,0,0,1,0.037,1,10434,184909,1,visititcairn,0.0,0.0,1,0,1,0,0,1,0,1,0,1,1,1,0,0,1,0,1,88,3,17,83,3,20,1,True
https://www.pluscardenabbey.org,30,www.pluscardenabbey.org,23,0,329,100.0,1.0,0.0799628,0.055514778,3,1,0,0,0.0,17,0.567,0,0.0,0,0,0,1,0.033,1,4504,14662,1,pluscardenabbey,100.0,100.0,1,0,1,0,0,1,0,0,0,1,0,0,0,0,1,0,1,18,4,14,153,2,11,1,True
https://www.cbmuk.org.uk,23,www.cbmuk.org.uk,16,0,380,100.0,0.666666667,0.028555,0.047754802,2,2,0,0,0.0,9,0.391,0,0.0,0,0,0,2,0.087,1,775,9381,1,cbmkorg,0.0,0.0,1,1,1,0,0,1,0,3,0,1,1,0,1,1,0,0,1,36,12,26,108,2,109,1,True
https://www.pwc.nl,17,www.pwc.nl,10,0,281,100.0,1.0,0.0082003,0.041560241,2,1,0,0,0.0,4,0.235,0,0.0,0,0,0,1,0.059,1,5438,11253,1,pwc,100.0,100.0,1,1,1,0,0,1,0,1,0,1,1,1,0,1,1,0,1,36,3,21,504,81,427,1,True
https://www.mytecbits.com,24,www.mytecbits.com,17,0,219,100.0,1.0,0.5229071,0.060424902,3,1,0,0,0.0,11,0.458,0,0.0,0,0,0,1,0.042,1,1065,9698,1,mytecbits,100.0,100.0,0,1,1,0,0,1,0,0,0,1,1,1,0,0,0,1,1,25,10,12,190,3,177,1,True
https://www.yumingschool.org,27,www.yumingschool.org,20,0,329,100.0,1.0,0.0799628,0.058618774,3,1,0,0,0.0,14,0.519,0,0.0,0,0,0,1,0.037,1,644,9381,1,yumingschool,100.0,100.0,1,1,1,0,0,0,0,1,0,1,0,1,0,0,0,0,1,11,6,8,55,0,50,1,True
https://www.mfaic.gov.kh,23,www.mfaic.gov.kh,16,0,752,100.0,0.666666667,3.95e-05,0.050181395,2,2,0,0,0.0,9,0.391,0,0.0,0,0,0,2,0.087,1,3242,2544,1,mfaicgov,0.0,0.0,0,0,1,0,0,0,0,4,0,1,1,0,0,0,1,0,1,73,10,8,213,27,43,1,True
https://www.worldtrademarkreview.com,35,www.worldtrademarkreview.com,28,0,219,100.0,1.0,0.5229071,0.058616482,3,1,0,0,0.0,22,0.629,0,0.0,0,0,0,1,0.029,1,1217,1447,1,worldtrademarkreview,100.0,100.0,1,0,1,0,0,1,0,1,1,1,1,1,0,0,0,0,1,9,1,7,125,7,23,1,True
https://www.stevenroyce.com,26,www.stevenroyce.com,19,0,219,100.0,1.0,0.5229071,0.067222203,3,1,0,0,0.0,13,0.5,0,0.0,0,0,0,1,0.038,1,1549,388,1,stevenroyce,100.0,100.0,0,1,0,0,0,1,0,5,0,1,1,1,0,0,0,0,1,43,9,16,2,3,11,1,True
https://www.rvaonthecheap.com,28,www.rvaonthecheap.com,21,0,219,100.0,1.0,0.5229071,0.063388628,3,1,0,0,0.0,15,0.536,0,0.0,0,0,0,1,0.036,1,686,9381,1,rvaonthecheap,100.0,100.0,1,1,1,0,0,1,0,0,1,1,1,1,0,0,0,0,1,42,20,24,137,0,151,1,True
https://www.jquery-plugins.net,29,www.jquery-plugins.net,22,0,240,100.0,0.571428571,0.0384199,0.043719898,3,1,0,0,0.0,15,0.517,0,0.0,0,0,0,2,0.069,1,849,649,1,jquery-plugins,100.0,100.0,0,1,1,0,0,1,1,0,0,1,1,1,0,0,0,0,1,30,0,16,256,2,34,1,True
https://www.younglives.org.uk,28,www.younglives.org.uk,21,0,380,100.0,0.785714286,0.028555,0.051462836,2,2,0,0,0.0,14,0.5,0,0.0,0,0,0,2,0.071,1,1774,5814,1,yonglivesorg,0.0,0.0,1,0,1,0,0,0,0,1,0,1,1,1,0,0,0,0,1,49,2,5,124,0,116,1,True
https://www.avanluce.com,23,www.avanluce.com,16,0,219,100.0,1.0,0.5229071,0.06438534,3,1,0,0,0.0,10,0.435,0,0.0,0,0,0,1,0.043,1,871,13181,1,avanluce,100.0,100.0,1,1,1,0,0,1,0,0,0,1,1,1,0,0,0,0,1,6,55,39,115,1,113,1,True
https://www.internationalrentalnews.com,38,www.internationalrentalnews.com,31,0,219,100.0,1.0,0.5229071,0.06587293,3,1,0,0,0.0,25,0.658,0,0.0,0,0,0,1,0.026,1,3640,867,1,internationalrentalnews,100.0,100.0,1,0,1,0,0,0,0,3,0,1,1,1,1,0,0,0,1,142,9,14,148,15,176,1,True
https://www.mthclassroomadventures.org,37,www.mthclassroomadventures.org,30,0,329,100.0,1.0,0.0799628,0.062751452,3,1,0,0,0.0,24,0.649,0,0.0,0,0,0,1,0.027,1,1733,976,1,mthclassroomadventures,100.0,100.0,0,0,1,0,0,0,0,4,0,1,1,0,1,0,0,0,1,29,12,17,79,3,76,1,True
https://www.bubwith.net,22,www.bubwith.net,15,0,240,100.0,1.0,0.0384199,0.041959157,3,1,0,0,0.0,9,0.409,0,0.0,0,0,0,1,0.045,1,897,1484,1,bubwith,100.0,100.0,1,0,0,0,0,1,0,0,0,0,0,0,0,1,0,0,1,1,3,3,0,1,2,1,True
https://www.elizabethnj.org,26,www.elizabethnj.org,19,0,329,100.0,1.0,0.0799628,0.053931115,3,1,0,0,0.0,13,0.5,0,0.0,0,0,0,1,0.038,1,2424,3113,1,elizabethnj,100.0,100.0,1,0,1,1,0,1,0,1,0,1,0,1,0,0,1,0,1,1,12,18,71,0,24,1,True
https://www.oxfordpreservation.org.uk,36,www.oxfordpreservation.org.uk,29,0,380,100.0,0.863636364,0.028555,0.058847773,2,2,0,0,0.0,22,0.611,0,0.0,0,0,0,2,0.056,1,971,16877,1,oxfordpreservationorg,0.0,0.0,1,0,1,0,0,0,0,0,0,1,1,1,0,0,0,0,1,20,8,21,207,1,20,1,True
https://www.reneweuropegroup.eu,30,www.reneweuropegroup.eu,23,0,787,100.0,1.0,0.0056158,0.061714633,2,1,0,0,0.0,17,0.567,0,0.0,0,0,0,1,0.033,1,1395,2683,1,rnwuropgroup,0.0,0.0,0,1,0,1,0,1,0,0,0,1,1,1,0,0,1,0,1,6,8,15,56,0,25,1,True
https://www.alkhaleejkitchenequip.com,36,www.alkhaleejkitchenequip.com,29,0,219,100.0,1.0,0.5229071,0.05381805,3,1,0,0,0.0,23,0.639,0,0.0,0,0,0,1,0.028,1,880,2562,1,alkhaleejkitchenequip,100.0,100.0,0,1,1,0,0,1,0,2,0,1,1,1,0,0,0,0,1,64,11,17,79,3,87,1,True
https://www.actualidadmascotas.com,33,www.actualidadmascotas.com,26,0,219,100.0,1.0,0.5229071,0.065611026,3,1,0,0,0.0,20,0.606,0,0.0,0,0,0,1,0.03,1,773,9381,1,actualidadmastas,0.0,0.0,1,1,1,0,0,1,0,1,0,1,1,1,0,0,0,0,1,25,14,23,83,1,90,1,True
https://www.art-in-berlin.de,27,www.art-in-berlin.de,20,0,976,100.0,0.538461538,0.0326503,0.0573206,2,1,0,0,0.0,12,0.444,0,0.0,0,0,0,3,0.111,1,245,1468,1,art-in-berlin,100.0,100.0,0,0,1,0,0,1,0,0,0,0,0,0,0,0,0,0,1,13,3,6,20,2,25,1,True
https://www.ousa.ca,18,www.ousa.ca,11,0,950,100.0,1.0,0.0101825,0.068842005,2,1,0,0,0.0,5,0.278,0,0.0,0,0,0,1,0.056,1,617,1447,1,ousa,100.0,100.0,1,0,1,1,0,0,0,3,0,1,1,1,0,0,1,0,1,18,2,16,26,0,24,1,True
https://www.dolomititour.com,27,www.dolomititour.com,20,0,219,100.0,1.0,0.5229071,0.067695693,3,1,0,0,0.0,14,0.519,0,0.0,0,0,0,1,0.037,1,611,548,1,dolomititour,100.0,100.0,0,1,1,0,0,1,0,0,0,0,1,0,0,0,0,0,1,33,1,3,106,2,20,1,True
https://www.cupoftea.co.uk,25,www.cupoftea.co.uk,18,0,380,100.0,0.818181818,0.028555,0.061816594,2,2,0,0,0.0,11,0.44,0,0.0,0,0,0,2,0.08,1,407,4533,1,cpofteaco,0.0,0.0,1,0,1,0,0,1,0,0,0,1,1,1,0,0,1,0,1,34,1,6,80,3,9,1,True
https://www.bighart.org,22,www.bighart.org,15,0,329,100.0,1.0,0.0799628,0.055703162,3,1,0,0,0.0,9,0.409,0,0.0,0,0,0,1,0.045,1,555,9381,1,bighart,100.0,100.0,1,1,1,0,0,1,0,1,1,1,1,0,0,0,1,0,0,22,6,6,53,0,59,1,True
https://www.spherion.com,23,www.spherion.com,16,0,219,100.0,1.0,0.5229071,0.065450033,3,1,0,0,0.0,10,0.435,0,0.0,0,0,0,1,0.043,1,2332,2456,1,spherion,100.0,100.0,1,1,1,0,0,1,0,3,0,1,1,1,0,0,1,0,1,41,2,17,211,14,72,1,True
https://www.sodalite.eu,22,www.sodalite.eu,15,0,787,100.0,1.0,0.0056158,0.067773628,2,1,0,0,0.0,9,0.409,0,0.0,0,0,0,1,0.045,1,716,6963,1,sodalit,87.5,87.5,1,0,1,0,0,0,0,1,0,1,1,1,0,0,0,0,0,17,2,4,32,3,18,1,True
https://www.himinfo.net,22,www.himinfo.net,15,0,240,100.0,1.0,0.0384199,0.059326084,3,1,0,0,0.0,9,0.409,0,0.0,0,0,0,1,0.045,1,502,354,1,himinfo,100.0,100.0,1,0,1,0,0,1,0,0,0,0,0,0,1,0,0,0,0,7,7,12,11,2,0,1,True
https://www.infotech.com,23,www.infotech.com,16,0,219,100.0,1.0,0.5229071,0.065445596,3,1,0,0,0.0,10,0.435,0,0.0,0,0,0,1,0.043,1,1660,7696,1,infotech,100.0,100.0,1,0,1,0,0,1,0,2,1,1,1,1,1,0,1,1,1,29,5,21,218,0,112,1,True
https://www.scotns.org.uk,24,www.scotns.org.uk,17,0,380,100.0,0.7,0.028555,0.062367467,2,2,0,0,0.0,10,0.417,0,0.0,0,0,0,2,0.083,1,433,8047,1,scotnsorg,0.0,0.0,0,1,1,0,0,0,2,1,0,1,1,1,0,0,0,0,1,12,19,14,66,0,73,1,True
https://www.coppercanyontrails.org,33,www.coppercanyontrails.org,26,0,329,100.0,1.0,0.0799628,0.064357769,3,1,0,0,0.0,20,0.606,0,0.0,0,0,0,1,0.03,1,479,1773,1,coppercanyontrails,100.0,100.0,1,0,1,0,0,1,0,0,0,1,1,1,0,1,1,0,1,14,3,4,0,12,15,1,True
https://www.viktorfrankl.org,27,www.viktorfrankl.org,20,0,329,100.0,1.0,0.0799628,0.053500877,3,1,0,0,0.0,14,0.519,0,0.0,0,0,0,1,0.037,1,884,349,1,viktfrankl,0.0,0.0,0,0,1,0,0,1,0,0,0,1,0,0,0,0,0,0,0,17,3,6,3,1,30,1,True
https://www.digitalnewsasia.com,30,www.digitalnewsasia.com,23,0,219,100.0,1.0,0.5229071,0.060891605,3,1,0,0,0.0,17,0.567,0,0.0,0,0,0,1,0.033,1,2179,6765,1,digitalnewsasia,100.0,100.0,1,0,1,0,0,1,0,1,0,1,1,1,0,1,1,0,0,82,6,13,297,0,91,1,True
https://www.defenseadvancement.com,33,www.defenseadvancement.com,26,0,219,100.0,1.0,0.5229071,0.064493731,3,1,0,0,0.0,20,0.606,0,0.0,0,0,0,1,0.03,1,2504,36915,1,defenseadvancement,100.0,100.0,1,1,1,0,0,0,0,21,0,1,1,1,0,0,0,0,1,102,4,36,111,0,108,1,True
https://www.deshanait.com,24,www.deshanait.com,17,0,219,100.0,1.0,0.5229071,0.06484506,3,1,0,0,0.0,11,0.458,0,0.0,0,0,0,1,0.042,1,1891,432,1,deshanait,100.0,100.0,0,1,0,0,0,1,0,0,0,1,1,0,0,0,0,0,1,30,4,34,1,12,15,1,True
https://www.canalstreetchronicles.com,36,www.canalstreetchronicles.com,29,0,219,100.0,1.0,0.5229071,0.067882434,3,1,0,0,0.0,23,0.639,0,0.0,0,0,0,1,0.028,1,6362,29756,1,canalstreetchronicles,100.0,100.0,1,0,1,0,0,1,0,2,0,1,1,0,0,1,1,1,1,105,4,17,200,0,307,1,True
https://www.jubileeusa.org,25,www.jubileeusa.org,18,0,329,100.0,1.0,0.0799628,0.056589298,3,1,0,0,0.0,12,0.48,0,0.0,0,0,0,1,0.04,1,796,4099,1,jubileeusa,100.0,100.0,1,0,1,1,0,1,0,3,0,1,1,1,0,1,1,0,0,23,1,16,62,0,15,1,True
https://www.tondadesign.it,25,www.tondadesign.it,18,0,411,100.0,1.0,0.012178,0.059530372,2,1,0,0,0.0,12,0.48,0,0.0,0,0,0,1,0.04,1,965,7276,1,tondadesgn,0.0,0.0,0,0,0,0,0,0,0,0,1,1,1,0,0,0,0,0,1,42,28,8,86,0,92,1,True
https://www.lionbridge.com,25,www.lionbridge.com,18,0,219,100.0,1.0,0.5229071,0.061453385,3,1,0,0,0.0,12,0.48,0,0.0,0,0,0,1,0.04,1,3664,6155,1,lionbridge,100.0,100.0,0,0,1,0,0,1,0,2,0,1,0,1,0,1,0,0,1,63,4,19,219,0,25,1,True
https://www.eurochicago.com,26,www.eurochicago.com,19,0,219,100.0,1.0,0.5229071,0.06969378,3,1,0,0,0.0,13,0.5,0,0.0,0,0,0,1,0.038,1,3150,2333,1,eurochicago,100.0,100.0,0,1,1,0,0,0,1,0,0,0,1,1,0,0,0,0,1,44,12,22,261,2,265,1,True
https://www.previewsworld.com,28,www.previewsworld.com,21,0,219,100.0,1.0,0.5229071,0.055363285,3,1,0,0,0.0,15,0.536,0,0.0,0,0,0,1,0.036,1,1668,640,1,previewsworld,100.0,100.0,1,0,1,0,0,1,1,2,0,1,1,1,0,0,0,0,1,70,1,1,314,12,52,1,True
https://www.myloope.com,22,www.myloope.com,15,0,219,100.0,1.0,0.5229071,0.068072104,3,1,0,0,0.0,9,0.409,0,0.0,0,0,0,1,0.045,1,1090,10363,1,myloope,100.0,100.0,1,1,1,1,0,1,0,0,0,1,0,1,0,0,1,0,1,24,8,3,39,0,3,1,True
https://www.mygenealogyhound.com,31,www.mygenealogyhound.com,24,0,219,100.0,1.0,0.5229071,0.057211943,3,1,0,0,0.0,18,0.581,0,0.0,0,0,0,1,0.032,1,276,488,1,mygenealogyhound,100.0,100.0,0,0,0,0,0,1,0,0,0,1,0,0,0,0,0,0,1,0,0,4,0,2,3,1,True
https://www.jpharmtechnol.com,28,www.jpharmtechnol.com,21,0,219,100.0,1.0,0.5229071,0.058608058,3,1,0,0,0.0,15,0.536,0,0.0,0,0,0,1,0.036,1,301,846,1,jpharmtechnol,100.0,100.0,0,0,0,0,0,1,0,0,0,0,0,0,0,0,0,0,1,1,0,1,2,0,10,1,True
https://www.sexteenmovs.net,26,www.sexteenmovs.net,19,0,240,100.0,1.0,0.0384199,0.062946851,3,1,0,0,0.0,13,0.5,0,0.0,0,0,0,1,0.038,1,319,514,1,sexteenmovs,100.0,100.0,0,1,0,0,0,1,0,0,0,0,1,0,0,0,0,0,1,259,1,0,52,0,255,1,True
https://www.culoz.fr,19,www.culoz.fr,12,0,336,100.0,1.0,0.0141483,0.044936503,2,1,0,0,0.0,6,0.316,0,0.0,0,0,0,1,0.053,1,1205,8964,1,culoz,100.0,100.0,1,0,1,0,0,0,0,1,0,1,1,1,0,0,0,0,1,26,14,26,0,26,199,1,True
https://www.nextwavemultimedia.com,33,www.nextwavemultimedia.com,26,0,219,100.0,1.0,0.5229071,0.05774617,3,1,0,0,0.0,20,0.606,0,0.0,0,0,0,1,0.03,1,1430,391,1,nextwavemultimedia,100.0,100.0,0,1,1,1,0,1,0,4,0,0,0,0,0,0,0,0,1,98,11,19,14,0,77,1,True
https://www.dubstore.co.jp,25,www.dubstore.co.jp,18,0,687,100.0,0.818181818,0.0230451,0.057309703,2,2,0,0,0.0,11,0.44,0,0.0,0,0,0,2,0.08,1,667,283,1,dubstoreco,0.0,0.0,0,1,0,0,0,1,0,0,0,1,0,0,0,0,0,0,1,40,0,3,49,0,58,1,True
https://www.rasmussenreports.com,31,www.rasmussenreports.com,24,0,219,100.0,1.0,0.5229071,0.065452714,3,1,0,0,0.0,18,0.581,0,0.0,0,0,0,1,0.032,1,565,335,1,rasmussenreports,100.0,100.0,1,0,1,0,0,0,0,1,0,1,0,0,0,1,0,1,1,20,1,8,76,0,25,1,True
https://live-3rivers-fcu-101.web.app,36,live-3rivers-fcu-101.web.app,28,0,427,37.12174525,0.416666667,0.001502,0.040501613,3,1,0,0,0.0,19,0.528,4,0.111,0,0,0,5,0.139,1,8,88,0,0,4.166666667,4.166666667,0,0,1,1,0,0,0,0,0,0,0,0,0,0,0,0,0,0,0,0,0,0,0,0,True
https://www.cdeep.iitb.ac.in,27,www.cdeep.iitb.ac.in,20,0,127,100.0,0.461538462,0.0050842,0.060754091,2,3,0,0,0.0,12,0.444,0,0.0,0,0,0,3,0.111,1,314,979,1,cdeeptbac,0.0,0.0,0,0,1,0,0,1,0,0,0,1,1,1,0,0,1,0,1,18,3,8,5,13,15,1,True
https://i6q5xi.webwave.dev/,27,i6q5xi.webwave.dev,18,0,487,70.43534763,0.642857143,0.0009613,0.036244362,3,1,0,0,0.0,14,0.519,2,0.074,0,0,0,3,0.111,1,66,3018,1,i6q5xiwebwave,0.0,0.0,0,0,0,0,0,1,0,0,0,0,0,1,0,0,0,0,0,0,2,2,2,0,0,0,True
https://www.get-resto.com,24,www.get-resto.com,17,0,219,100.0,0.666666667,0.5229071,0.071276279,3,1,0,0,0.0,10,0.417,0,0.0,0,0,0,2,0.083,1,1741,26824,1,get-resto,100.0,100.0,0,1,1,0,0,1,0,1,0,1,1,1,0,0,1,0,1,52,28,37,91,0,114,1,True
https://www.ajmannews.ae,23,www.ajmannews.ae,16,0,488,100.0,1.0,0.0004267,0.058314692,2,1,0,0,0.0,10,0.435,0,0.0,0,0,0,1,0.043,1,2223,6636,1,jmnnews,0.0,0.0,1,0,1,1,0,1,0,3,0,1,1,1,0,0,0,0,1,213,10,21,2,3,36,1,True
https://www.islit.is,19,www.islit.is,12,0,598,100.0,1.0,0.0005417,0.057229322,2,1,0,0,0.0,6,0.316,0,0.0,0,0,0,1,0.053,1,1406,344,1,slt,0.0,0.0,0,0,1,0,0,0,0,0,0,1,1,1,0,0,0,0,0,14,1,3,222,1,11,1,True
https://www.indigitalworks.com,29,www.indigitalworks.com,22,0,219,100.0,1.0,0.5229071,0.056714036,3,1,0,0,0.0,16,0.552,0,0.0,0,0,0,1,0.034,1,1623,25341,1,indigitalworks,100.0,100.0,1,1,1,0,0,1,0,3,0,1,1,1,0,1,1,0,1,21,17,27,137,12,81,1,True
https://www.colelab.org,22,www.colelab.org,15,0,329,100.0,1.0,0.0799628,0.068812546,3,1,0,0,0.0,9,0.409,0,0.0,0,0,0,1,0.045,1,2748,2642,1,colelab,100.0,100.0,1,0,1,0,0,1,1,3,0,1,0,1,0,0,1,0,1,49,2,14,7,1,239,1,True
https://www.plantily.com,23,www.plantily.com,16,0,219,100.0,1.0,0.5229071,0.055691687,3,1,0,0,0.0,10,0.435,0,0.0,0,0,0,1,0.043,1,353,8047,1,plantily,100.0,100.0,1,1,1,0,0,1,0,0,1,1,1,0,0,0,0,0,1,12,9,13,32,0,34,1,True
https://www.taeckjangphoto.com,29,www.taeckjangphoto.com,22,0,219,100.0,1.0,0.5229071,0.060736052,3,1,0,0,0.0,16,0.552,0,0.0,0,0,0,1,0.034,1,194,998,1,taeckjangphoto,100.0,100.0,0,1,1,0,0,1,0,0,0,1,0,0,0,0,0,0,1,17,1,6,1,0,4,1,True
https://www.luxuriousdestinationweddings.com,43,www.luxuriousdestinationweddings.com,36,0,219,100.0,1.0,0.5229071,0.05590636,3,1,0,0,0.0,30,0.698,0,0.0,0,0,0,1,0.023,1,873,3381,1,luxuriousdestinationweddings,100.0,100.0,1,1,0,1,0,0,0,2,0,1,0,1,1,0,0,0,1,41,4,13,129,0,141,1,True
https://www.rowmaninternational.com,34,www.rowmaninternational.com,27,0,219,100.0,1.0,0.5229071,0.067653368,3,1,0,0,0.0,21,0.618,0,0.0,0,0,0,1,0.029,1,871,399,1,rowmaninternational,100.0,100.0,0,0,1,0,0,1,0,0,0,1,1,0,0,0,0,0,1,30,3,8,44,10,67,1,True
https://www.grantsearcey.com,27,www.grantsearcey.com,20,0,219,100.0,1.0,0.5229071,0.066030746,3,1,0,0,0.0,14,0.519,0,0.0,0,0,0,1,0.037,1,9604,4961,1,grantsearcey,100.0,100.0,1,0,1,0,0,1,0,19,0,1,1,1,1,1,1,0,1,165,3,20,310,1,17,1,True
https://restrictedaccount.start.page/,36,restrictedaccount.start.page,28,0,884,54.39426523,0.782608696,0.0001446,0.063190108,4,1,0,0,0.0,26,0.722,0,0.0,0,0,0,2,0.056,1,162,391,1,restrictedaccountstart,0.0,0.0,0,0,0,0,0,0,0,0,0,0,0,0,0,0,0,0,0,5,0,0,0,0,8,0,True
https://www.a2zpsychology.com,28,www.a2zpsychology.com,21,0,219,100.0,0.923076923,0.5229071,0.049602838,3,1,0,0,0.0,14,0.5,1,0.036,0,0,0,1,0.036,1,484,1936,1,a2zpsychology,100.0,100.0,0,1,0,0,0,1,26,0,0,1,1,1,0,0,1,0,1,4,3,6,3,1,32,1,True
https://www.clearshield.co.za,28,www.clearshield.co.za,21,0,488,100.0,0.857142857,0.0018398,0.059591683,2,2,0,0,0.0,14,0.5,0,0.0,0,0,0,2,0.071,1,215,2660,1,clearshieldco,0.0,0.0,1,1,0,0,0,1,0,0,0,1,1,0,0,0,0,0,1,22,3,6,0,0,8,1,True
https://www.mexicanhistory.org,29,www.mexicanhistory.org,22,0,329,100.0,1.0,0.0799628,0.06065354,3,1,0,0,0.0,16,0.552,0,0.0,0,0,0,1,0.034,1,1387,823,1,mexicanhisty,0.0,0.0,0,0,1,0,0,0,0,0,0,1,1,1,0,1,1,0,1,39,0,6,0,0,149,1,True
https://www.dyalog.com,21,www.dyalog.com,14,0,219,100.0,1.0,0.5229071,0.059244752,3,1,0,0,0.0,8,0.381,0,0.0,0,0,0,1,0.048,1,599,328,1,dyalog,100.0,100.0,0,0,0,1,0,1,1,0,0,1,0,0,0,0,0,0,1,75,3,7,65,0,82,1,True
https://www.st-annes.ox.ac.uk,28,www.st-annes.ox.ac.uk,21,0,380,100.0,0.428571429,0.028555,0.06206373,2,3,0,0,0.0,12,0.429,0,0.0,0,0,0,4,0.143,1,369,8099,1,st-annesoxac,0.0,0.0,0,1,1,0,0,1,0,1,0,1,0,0,0,0,0,0,0,10,9,16,84,1,86,1,True
https://www.rocketbuilder.com,28,www.rocketbuilder.com,21,0,219,100.0,1.0,0.5229071,0.061047386,3,1,0,0,0.0,15,0.536,0,0.0,0,0,0,1,0.036,1,722,412,1,rocketbuilder,100.0,100.0,1,0,1,0,0,1,0,1,0,0,0,0,0,0,1,0,1,7,2,6,7,0,7,1,True
https://www.brewer-world.com,27,www.brewer-world.com,20,0,219,100.0,0.583333333,0.5229071,0.058505921,3,1,0,0,0.0,13,0.481,0,0.0,0,0,0,2,0.074,1,2119,8047,1,brewer-world,100.0,100.0,0,1,1,0,0,0,0,2,0,1,1,1,0,0,0,0,1,67,35,57,315,10,338,1,True
https://www.lavan.com.au,23,www.lavan.com.au,16,0,275,100.0,0.666666667,0.0100856,0.065873488,2,2,0,0,0.0,9,0.391,0,0.0,0,0,0,2,0.087,1,515,228,1,lvncom,0.0,0.0,0,0,0,0,0,0,0,4,0,1,1,0,0,0,0,0,1,17,11,5,78,0,9,1,True
https://www.rawstory.com,23,www.rawstory.com,16,0,219,100.0,1.0,0.5229071,0.061844265,3,1,0,0,0.0,10,0.435,0,0.0,0,0,0,1,0.043,1,7257,66975,1,rawstory,100.0,100.0,0,0,1,1,1,1,0,10,0,1,1,1,0,1,1,0,1,258,1,29,207,0,206,1,True
https://www.uniquetouchinc.com,29,www.uniquetouchinc.com,22,0,219,100.0,1.0,0.5229071,0.058154633,3,1,0,0,0.0,16,0.552,0,0.0,0,0,0,1,0.034,1,6305,22382,1,uniquetouchinc,100.0,100.0,1,0,1,0,0,1,0,4,0,1,0,0,0,0,0,0,0,16,4,8,0,0,8,1,True
https://www.muzeum-kunovice.cz,29,www.muzeum-kunovice.cz,22,0,713,100.0,0.6,0.0036307,0.053254709,2,1,0,0,0.0,15,0.517,0,0.0,0,0,0,2,0.069,1,479,4127,1,muzeum-kunovie,0.0,0.0,0,1,1,0,0,0,0,2,0,1,1,0,1,0,0,0,1,37,13,17,87,1,85,1,True
https://www.bestgoodieshop.com,29,www.bestgoodieshop.com,22,0,219,100.0,1.0,0.5229071,0.063813147,3,1,0,0,0.0,16,0.552,0,0.0,0,0,0,1,0.034,1,13255,121552,1,bestgoodieshop,100.0,100.0,1,0,1,1,0,1,0,20,0,1,1,1,1,1,1,0,1,282,7,25,196,4,75,1,True
https://www.zam.com,18,www.zam.com,11,0,219,100.0,1.0,0.5229071,0.06467285,3,1,0,0,0.0,5,0.278,0,0.0,0,0,0,1,0.056,1,274,8779,1,zam,100.0,100.0,1,1,1,0,0,1,0,0,1,0,1,1,0,0,0,0,1,5,22,27,36,0,39,1,True
https://www.patriciogonzalezvivo.com,35,www.patriciogonzalezvivo.com,28,0,219,100.0,1.0,0.5229071,0.059095119,3,1,0,0,0.0,22,0.629,0,0.0,0,0,0,1,0.029,1,148,464,1,patriciogonzalezvivo,100.0,100.0,0,0,0,0,0,1,0,0,0,0,0,0,0,0,0,0,1,17,1,2,13,0,24,1,True
https://www.ullala.ch,20,www.ullala.ch,13,0,9,100.0,1.0,0.0049832,0.056622432,2,1,0,0,0.0,7,0.35,0,0.0,0,0,0,1,0.05,1,5446,8124,1,ullala,100.0,100.0,1,1,1,0,0,1,0,1,1,1,1,0,1,0,0,0,1,70,10,16,125,10,163,1,True
https://www.womenscollegehospital.ca,35,www.womenscollegehospital.ca,28,0,950,100.0,1.0,0.0101825,0.062198535,2,1,0,0,0.0,22,0.629,0,0.0,0,0,0,1,0.029,1,1119,9848,1,womensollegehospital,0.0,0.0,0,1,1,0,0,1,0,0,0,1,1,0,0,0,0,0,1,40,8,12,125,0,145,1,True
https://www.kroati.de,20,www.kroati.de,13,0,976,100.0,1.0,0.0326503,0.058637899,2,1,0,0,0.0,7,0.35,0,0.0,0,0,0,1,0.05,1,2402,454,1,kroati,100.0,100.0,1,1,1,0,0,1,0,0,0,1,1,1,0,0,0,0,1,93,5,3,153,0,5,1,True
https://www.foodloversrecipes.com,32,www.foodloversrecipes.com,25,0,219,100.0,1.0,0.5229071,0.065589117,3,1,0,0,0.0,19,0.594,0,0.0,0,0,0,1,0.031,1,878,9708,1,foodloversrecipes,100.0,100.0,1,1,1,0,0,0,0,0,0,1,1,0,0,0,0,0,1,17,19,48,70,0,72,1,True
https://www.e-learn.cn,21,www.e-learn.cn,14,0,679,100.0,0.857142857,0.0033218,0.070854567,2,1,0,0,0.0,7,0.333,0,0.0,0,0,0,2,0.095,1,1554,533,1,e-learn,100.0,100.0,0,0,1,0,0,1,0,0,0,0,0,0,0,0,0,0,0,172,2,8,307,0,300,1,True
https://www.jreast-app.jp,24,www.jreast-app.jp,17,0,687,100.0,0.7,0.0230451,0.048663974,2,1,0,0,0.0,10,0.417,0,0.0,0,0,0,2,0.083,1,420,1360,1,reast-app,90.0,90.0,1,0,1,0,0,1,0,0,0,0,0,0,0,0,0,0,1,14,1,6,0,0,11,1,True
https://www.iimcal.ac.in,23,www.iimcal.ac.in,16,0,127,100.0,0.777777778,0.0050842,0.067012513,2,2,0,0,0.0,9,0.391,0,0.0,0,0,0,2,0.087,1,766,4559,1,mcalac,0.0,0.0,1,0,1,0,0,0,0,0,0,1,1,1,0,0,1,0,0,64,8,8,158,0,194,1,True
https://www.muicss.com,21,www.muicss.com,14,0,219,100.0,1.0,0.5229071,0.064516034,3,1,0,0,0.0,8,0.381,0,0.0,0,0,0,1,0.048,1,814,1340,1,muicss,100.0,100.0,1,1,1,0,0,1,0,0,0,1,0,0,0,0,1,0,1,9,23,21,100,0,10,1,True
https://www.knowledgebookstore.com,33,www.knowledgebookstore.com,26,0,219,100.0,1.0,0.5229071,0.06253204,3,1,0,0,0.0,20,0.606,0,0.0,0,0,0,1,0.03,1,2406,2683,1,knowledgebookstore,100.0,100.0,0,0,1,0,0,1,0,19,0,1,1,0,1,1,1,0,1,16,2,21,194,0,12,1,True
https://www.sibt.nsw.edu.au,26,www.sibt.nsw.edu.au,19,0,275,100.0,0.416666667,0.0100856,0.050354239,2,3,0,0,0.0,11,0.423,0,0.0,0,0,0,3,0.115,1,4051,563,1,sibtnswedu,0.0,0.0,1,0,1,1,0,1,0,2,0,1,0,0,0,1,1,0,1,44,3,11,166,24,11,1,True
https://www.waltmann.com,23,www.waltmann.com,16,0,219,100.0,1.0,0.5229071,0.062393012,3,1,0,0,0.0,10,0.435,0,0.0,0,0,0,1,0.043,1,871,658,1,waltmann,100.0,100.0,1,0,1,0,0,1,0,2,0,1,0,0,0,0,1,0,1,34,1,7,77,5,71,1,True
https://www.outsiderartfair.com,30,www.outsiderartfair.com,23,0,219,100.0,1.0,0.5229071,0.063854777,3,1,0,0,0.0,17,0.567,0,0.0,0,0,0,1,0.033,1,151,1551,1,outsiderartfair,100.0,100.0,1,0,0,0,0,1,0,0,0,1,0,1,0,0,0,0,0,4,4,14,7,0,7,1,True
https://www.dvercity.com,23,www.dvercity.com,16,0,219,100.0,1.0,0.5229071,0.057265236,3,1,0,0,0.0,10,0.435,0,0.0,0,0,0,1,0.043,1,287,535,1,dvercity,100.0,100.0,0,0,1,0,0,1,0,0,0,1,0,0,0,0,0,0,1,5,1,7,24,11,49,1,True
https://www.perlbuzz.com,23,www.perlbuzz.com,16,0,219,100.0,1.0,0.5229071,0.045918721,3,1,0,0,0.0,10,0.435,0,0.0,0,0,0,1,0.043,1,14593,487,1,perlbuzz,100.0,100.0,0,0,1,0,0,1,0,0,0,0,0,0,0,0,0,0,1,0,1,1,112,0,36,1,True
https://www.aicad.org,20,www.aicad.org,13,0,329,100.0,1.0,0.0799628,0.070539236,3,1,0,0,0.0,7,0.35,0,0.0,0,0,0,1,0.05,1,1382,873,1,aicad,100.0,100.0,1,0,1,0,0,1,0,0,0,1,1,1,0,1,0,0,1,57,11,19,63,0,60,1,True
https://www.sunshinevillaorlando.com,35,www.sunshinevillaorlando.com,28,0,219,100.0,1.0,0.5229071,0.060480252,3,1,0,0,0.0,22,0.629,0,0.0,0,0,0,1,0.029,1,576,9457,1,sunshinevillaorlando,100.0,100.0,1,1,1,0,0,1,0,0,1,1,1,1,0,0,1,0,1,11,18,30,52,0,54,1,True
https://www.navarrocollege.edu,29,www.navarrocollege.edu,22,0,625,100.0,1.0,0.0115013,0.06538216,3,1,0,0,0.0,16,0.552,0,0.0,0,0,0,1,0.034,1,980,1734,1,navarrocollege,100.0,100.0,1,0,1,0,0,0,0,3,0,1,1,0,0,0,1,0,1,26,10,17,188,2,222,1,True
https://www.hino.com,19,www.hino.com,12,0,219,100.0,1.0,0.5229071,0.070379563,3,1,0,0,0.0,6,0.316,0,0.0,0,0,0,1,0.053,1,2401,886,1,hino,100.0,100.0,1,0,0,0,0,1,0,0,0,1,1,1,0,0,0,0,1,42,28,11,2,4,16,1,True
https://www.arrowsmithpress.com,30,www.arrowsmithpress.com,23,0,219,100.0,1.0,0.5229071,0.061267287,3,1,0,0,0.0,17,0.567,0,0.0,0,0,0,1,0.033,1,3051,24700,1,arrowsmithpress,100.0,100.0,1,0,1,0,0,1,0,2,0,1,1,1,0,0,1,0,0,63,4,18,110,0,102,1,True
https://www.zorgneticuro.be,26,www.zorgneticuro.be,19,0,525,100.0,1.0,0.0033189,0.05808299,2,1,0,0,0.0,13,0.5,0,0.0,0,0,0,1,0.038,1,1547,13183,1,zorgneticuro,100.0,100.0,1,0,1,0,0,1,0,2,0,1,1,1,0,0,0,0,1,17,53,5,141,0,13,1,True
https://www.alivila.co.jp,24,www.alivila.co.jp,17,0,687,100.0,0.8,0.0230451,0.056715537,2,2,0,0,0.0,10,0.417,0,0.0,0,0,0,2,0.083,1,1412,438,1,alivilaco,0.0,0.0,0,0,1,0,0,1,0,5,0,1,1,1,0,0,1,0,1,68,10,16,215,0,337,1,True
https://www.theatrechampselysees.fr,34,www.theatrechampselysees.fr,27,0,336,100.0,1.0,0.0141483,0.058485432,2,1,0,0,0.0,21,0.618,0,0.0,0,0,0,1,0.029,1,1516,568,1,theatrechampselysees,100.0,100.0,1,0,1,0,0,1,0,2,0,1,1,1,0,0,0,0,1,32,2,3,116,1,34,1,True
https://www.samyeling.org,24,www.samyeling.org,17,0,329,100.0,1.0,0.0799628,0.059857451,3,1,0,0,0.0,11,0.458,0,0.0,0,0,0,1,0.042,1,1045,705,1,samyeling,100.0,100.0,0,0,1,0,0,0,0,0,0,1,1,0,0,1,1,0,1,8,1,5,166,0,8,1,True
https://www.comnews.ru,21,www.comnews.ru,14,0,73,100.0,1.0,0.0180132,0.064080895,2,1,0,0,0.0,8,0.381,0,0.0,0,0,0,1,0.048,1,568,10520,1,comnews,100.0,100.0,1,1,1,0,0,1,0,2,0,0,0,1,0,1,0,1,1,11,27,39,127,2,24,1,True
https://www.lestresorspartages.com,33,www.lestresorspartages.com,26,0,219,100.0,1.0,0.5229071,0.066211816,3,1,0,0,0.0,20,0.606,0,0.0,0,0,0,1,0.03,1,802,10080,1,lestresorspartages,100.0,100.0,0,1,1,1,0,0,1,1,0,1,0,1,0,0,0,0,1,13,7,5,31,1,32,1,True
http://www.h4c3d2934593272519aa109b0d3edfb274.ws,47,www.h4c3d2934593272519aa109b0d3edfb274.ws,41,0,56,16.59297989,0.5,0.0003477,0.015440443,2,1,0,0,0.0,12,0.255,23,0.489,0,0,0,1,0.021,0,13,244,1,h4c3d2934593272519aa109b0d3edfb274,100.0,100.0,0,0,1,0,0,0,0,0,0,0,0,0,0,0,0,0,0,0,0,0,0,0,1,0,True
https://www.griggs.edu,21,www.griggs.edu,14,0,625,100.0,1.0,0.0115013,0.048179815,3,1,0,0,0.0,8,0.381,0,0.0,0,0,0,1,0.048,1,916,1146,1,griggs,100.0,100.0,0,0,1,0,0,1,0,1,0,1,0,0,0,0,1,0,1,41,4,6,123,0,45,1,True
http://www.ikya.ir,18,www.ikya.ir,11,0,498,84.69387755,1.0,0.0012232,0.049953501,2,1,0,0,0.0,6,0.333,0,0.0,0,0,0,1,0.056,0,133,118,1,ikya,100.0,100.0,0,0,1,0,0,0,0,0,0,0,0,0,0,0,0,0,0,0,0,0,0,0,0,0,True
https://www.goldlane.in,22,www.goldlane.in,15,0,127,100.0,1.0,0.0050842,0.059827458,2,1,0,0,0.0,9,0.409,0,0.0,0,0,0,1,0.045,1,1420,498,1,goldlane,100.0,100.0,0,0,1,0,0,0,0,2,0,1,0,0,0,0,0,0,1,34,5,10,24,0,28,1,True
http://www.alecbaldwin.uni.me,29,www.alecbaldwin.uni.me,22,0,488,69.00584795,0.8,0.0036375,0.05623853,2,2,0,0,0.0,16,0.552,0,0.0,0,0,0,2,0.069,0,2,37,0,0,0.0,0.0,0,0,0,0,0,0,0,0,0,0,0,0,0,0,0,0,0,0,0,0,0,0,0,0,True
https://www.orientering.se,25,www.orientering.se,18,0,63,100.0,1.0,0.0040185,0.065524735,2,1,0,0,0.0,12,0.48,0,0.0,0,0,0,1,0.04,1,3146,700,1,orientering,100.0,100.0,1,0,1,0,0,0,0,3,0,1,1,0,0,1,0,0,1,74,2,7,299,0,52,1,True
https://www.orchira.co.uk,24,www.orchira.co.uk,17,0,380,100.0,0.8,0.028555,0.067511831,2,2,0,0,0.0,10,0.417,0,0.0,0,0,0,2,0.083,1,3884,3970,1,orchiraco,0.0,0.0,0,1,1,0,0,1,0,19,0,1,1,1,1,1,1,0,1,100,17,21,126,0,12,1,True
https://www.henslernurseryindiana.com,36,www.henslernurseryindiana.com,29,0,219,100.0,1.0,0.5229071,0.061024085,3,1,0,0,0.0,23,0.639,0,0.0,0,0,0,1,0.028,1,1858,19942,1,henslernurseryindiana,100.0,100.0,0,1,1,0,0,1,0,0,0,1,1,1,1,0,0,0,1,6,28,26,69,6,69,1,True
http://www.expoglobalservice.com,31,www.expoglobalservice.com,25,0,219,66.00700886,1.0,0.5229071,0.061068882,3,1,0,0,0.0,19,0.613,0,0.0,0,0,0,1,0.032,0,2,41,0,0,0.0,0.0,0,0,0,0,0,0,0,0,0,0,0,0,0,0,0,0,0,0,0,0,0,0,0,0,True
https://www.lustrousjewellery.com,32,www.lustrousjewellery.com,25,0,219,100.0,1.0,0.5229071,0.05574769,3,1,0,0,0.0,19,0.594,0,0.0,0,0,0,1,0.031,1,2314,26705,1,lustrousjewellery,100.0,100.0,0,0,1,1,0,1,0,0,0,1,1,0,0,0,1,0,1,28,1,15,312,6,299,1,True
https://bafybeiay6xqd5gfmoxtxwkstivxnghldkvqyrdup5d3sl67wep5qprfxgy.ipfs.cf-ipfs.com/qeny.html#a@b.com,102,bafybeiay6xqd5gfmoxtxwkstivxnghldkvqyrdup5d3sl67wep5qprfxgy.ipfs.cf-ipfs.com,76,0,219,9.707655286,0.416666667,0.5229071,0.035706645,3,2,0,0,0.0,78,0.765,7,0.069,0,0,0,9,0.088,1,90,394,1,bafybeiay6xqd5gfmoxtxwkstivxnghldkvqyrdup5d3sl67wep5qprfxgyipfscf-ipfsqenyhtml#a@b,0.0,0.0,0,1,1,0,0,0,0,0,0,0,1,1,0,0,0,0,0,0,2,0,2,0,2,0,True
https://www.cedarmontfarm.com,28,www.cedarmontfarm.com,21,0,219,100.0,1.0,0.5229071,0.067211973,3,1,0,0,0.0,15,0.536,0,0.0,0,0,0,1,0.036,1,1410,11450,1,cedarmontfarm,100.0,100.0,0,0,1,0,0,1,0,3,0,1,0,1,0,0,1,0,0,22,14,13,37,0,5,1,True
https://www.boxcarpress.com,26,www.boxcarpress.com,19,0,219,100.0,1.0,0.5229071,0.062181161,3,1,0,0,0.0,13,0.5,0,0.0,0,0,0,1,0.038,1,318,1726,1,boxcarpress,100.0,100.0,1,1,1,0,0,1,0,1,0,1,1,0,0,0,1,0,0,5,3,7,73,0,80,1,True
https://www.corriereromano.it,28,www.corriereromano.it,21,0,411,100.0,1.0,0.012178,0.075655951,2,1,0,0,0.0,15,0.536,0,0.0,0,0,0,1,0.036,1,1314,9381,1,correreromano,0.0,0.0,0,1,1,0,0,1,0,0,0,0,1,1,0,0,0,0,1,33,9,14,155,2,156,1,True
https://www.protuningfreaks.com,30,www.protuningfreaks.com,23,0,219,100.0,1.0,0.5229071,0.05751564,3,1,0,0,0.0,17,0.567,0,0.0,0,0,0,1,0.033,1,4625,43333,1,protuningfreaks,100.0,100.0,1,0,1,0,0,1,0,19,0,1,1,1,1,1,1,0,1,186,1,23,90,0,22,1,True
https://www.ceac.arizona.edu,27,www.ceac.arizona.edu,20,0,625,100.0,0.666666667,0.0115013,0.068437873,3,2,0,0,0.0,13,0.481,0,0.0,0,0,0,2,0.074,1,1073,933,1,ceacarizona,0.0,0.0,1,0,1,0,0,0,0,1,0,1,1,1,0,0,0,0,1,16,7,4,50,0,64,1,True
https://www.jessesword.com,25,www.jessesword.com,18,0,219,100.0,1.0,0.5229071,0.06102847,3,1,0,0,0.0,12,0.48,0,0.0,0,0,0,1,0.04,1,154,233,1,jessesword,100.0,100.0,1,0,0,0,0,1,0,0,0,0,0,0,0,0,0,0,1,0,1,1,12,0,22,1,True
https://www.livingwell.com,25,www.livingwell.com,18,0,219,100.0,1.0,0.5229071,0.052296778,3,1,0,0,0.0,12,0.48,0,0.0,0,0,0,1,0.04,1,492,1820,1,livingwell,100.0,100.0,1,1,1,0,0,1,0,0,0,1,1,0,0,0,1,0,0,11,8,12,39,0,49,1,True
